cluster_name,total_mentions,distinct_calls,confidence,safety_nonsafety_bleed,has_deployment_blocker,evidence_source,member_labels,evidence_sample
ergonomic risk detection improper bending overreaching,18,18,HIGH,False,False,mixed,employee ergonomics monitoring improper bending and overreaching | ergonomic improper bending and overreaching reduction | ergonomic improper bending detection | ergonomic risk detection improper bend overreaching | ergonomic risk detection improper bending and overreaching | ergonomic risk detection improper bending overreaching | ergonomic risk detection improper bends and overreach | ergonomic risk detection overreaching improper bend | ergonomic risk identification improper bend lift using posture risk index | ergonomic risk reduction overreaches improper bends | ergonomics improper bend detection | ergonomics improper bending detection | ergonomics monitoring overreaching improper bends | ergonomics risk detection improper bending overreaching heavy lifts | ergonomics risk detection improper bends and overreach | ergonomics risk detection overreaching improper lifting | ergonomics risk detection posture risk index for bends and overreach | ergonomics risk monitoring and mitigation overreach improper bending,"Indigo Keller: We've had several injuries this year resulting from, you know, body mechanics and things like that. | Bailey Calloway: We've had, in the last month, we've had two shoulders. | Bailey Calloway: Their injuries from employees kind of overreaching, filling an order, pulling material off o"
ergonomics risk monitoring,14,14,LOW,False,True,mixed,ergonomic risk assessment via cameras | ergonomic risk detection and multi actor capture | ergonomic risk monitoring and mitigation in manual operations | ergonomic risk monitoring for manual handling | ergonomic risk monitoring overreaching improper bend | ergonomics monitoring for strains and sprains posture risk index with corrective actions | ergonomics risk detection | ergonomics risk detection at presses workstations | ergonomics risk detection with heat maps | ergonomics risk detection with severity scoring posture risk index | ergonomics risk monitoring | material handling and ergonomics risk detection,"Robin Oakley: Well, ergonomics for sure. | Robin Oakley: I we do a lot more manual stuff because we're a smaller scale mill where we do a lot of manual roll wrapping and pulling broke, which we'll call pulling broke, which leads to, I'll call it ergonomic issues, strains, and things like that. | Rob"
ppe compliance monitoring,11,11,HIGH,False,False,mixed,ppe compliance monitoring | ppe compliance monitoring in production areas | ppe compliance monitoring including eye protection | ppe compliance monitoring including hot work ppe,"Unknown: And by the Big Brother side of it is, I need to know if we have a cell of people that as soon as the door's shut, they're not wearing their PPE. | Unknown: So I can more organically address that. | Unknown: Well, and I think that we do have a culture of cameras here already. | Unknown: Yeah"
pit to pit proximity monitoring,12,10,HIGH,False,False,mixed,person to pit proximity monitoring | pit pedestrian and pit to pit proximity | pit pit interaction monitoring | pit pit proximity monitoring | pit proximity monitoring person to pit and pit to pit | pit to pedestrian and pit to pit proximity monitoring | pit to person proximity monitoring | pit to pit collision proximity monitoring | pit to pit proximity collision monitoring | pit to pit proximity detection | pit to pit proximity monitoring,"Bellamy Warren: As far as a little bit of feedback on the pit to pits and the person to pits, it's triggering a lot | Bellamy Warren: I'm keeping away, I guess, because I'm kind of more frustrated on the person to pit and the pit to pitch just because of the ranging. It'll trigger at anything, basic"
forklift and pedestrian proximity monitoring,9,9,HIGH,False,False,customer,forklift aisle and pedestrian walkway safety monitoring | forklift and pedestrian proximity monitoring | forklift and pedestrian proximity monitoring pit to person and pit to pit | forklift and pedestrian safety monitoring | forklift and vehicle pedestrian interaction monitoring | forklift pedestrian proximity and walkway compliance monitoring | forklift pedestrian proximity monitoring during renovation at van buren freezer | forklift pit and pedestrian safety monitoring | monitor and reduce forklift pedestrian interactions pit to person,"Alex Hale: Well, and also for that matter, timing-wise, we are going to be entering a rather large construction shutdown at, so the Van Buren freezers attached to our Van Buren cook facility. | Alex Hale: And the cook facility is going to be going through a significant renovation and part of it righ"
no pedestrian zone enforcement,7,6,MEDIUM,True,False,mixed,no parking zone enforcement | no pedestrian zone enforcement | no pedestrian zone enforcement blended safety and security | no pedestrian zone intrusion | no pedestrian zones and obstruction control,"Unknown: No pedestrian zone. This could be used for safety or security. | Unknown: From a safety perspective here, you're going to see this area right here where the rollers are, and they don't want anyone in the roller area. | Unknown: Think about your loading docks, your back of buildings, some of"
ergonomics detection and coaching reduce injuries and costs,6,5,MEDIUM,True,False,mixed,ergonomic risk detection and coaching | ergonomics detection and coaching reduce injuries and costs | ergonomics risk detection and coaching | ergonomics risk reduction via safety orientation and targeted coaching | improper bend ergonomics detection and coaching,"Unknown: it seems like I remember you had the abilities to recognize. We poor ergonomics, poor lifting techniques. | Unknown: We have a lot of ergonomic issues here, and we have a lot of manual work here. | Unknown: And just being able to call that out and do corrections almost in real time would be"
working at heights hazard detection,4,4,HIGH,False,False,mixed,working at heights hazard detection | working at heights hazard detection in mills | working at heights risk detection,"Jules Blaine: But we've got some new use cases surrounding working at heights. | Jules Blaine: And so working at heights brings about a plethora of, I won't say notification, but incidents, near-miss incidents to us. | Jules Blaine: And what we have found with that working at heights, we have found "
pit pedestrian proximity monitoring in drive lanes,4,4,HIGH,False,False,mixed,pit pedestrian proximity monitoring | pit pedestrian proximity monitoring and walkway zoning coverage | pit pedestrian proximity monitoring in drive lanes | pit to pedestrian proximity alerts,"Gale Hadley: But they have, like, designated walkways, right? | Gale Hadley: Unfortunately, we don't have that as clearly defined here. | Gale Hadley: So we are having kind of what we call, like. False readings, and I'd like to kind of sit down and go through that with you again and see if we can ki"
pit pedestrian interaction monitoring and reduction,4,4,HIGH,False,False,mixed,pit and pedestrian interaction risk monitoring | pit pedestrian interaction monitoring | pit pedestrian interaction monitoring and reduction | pit pedestrian proximity and interaction monitoring,"Aubrey Reeves: looking at something specifically like pedestrian PIV interaction, which has a higher severity, would allow us to become familiar with the system while, you know, learning the data coming through and what we do with it and how we can manage it, right? | Jules Harlow: there's lots of l"
safety hotspot heat mapping to target interventions,4,4,HIGH,False,False,mixed,hazard hotspot mitigation using heat maps and rapid interventions e g cones | safety hotspot heat mapping | safety hotspot heat mapping to target interventions | safety hotspot prioritization using heatmaps,"Gray Ashford: I think John and Jay and Josh had said that they plan on putting some cones down and, you know, working through some things, but that may not happen for a couple weeks or months, which I think that is, like, the platform is meant to allow you to take action without having a perfect pla"
forklift intersection compliance and pit pedestrian near miss detection,4,4,HIGH,False,False,mixed,forklift and pedestrian proximity near miss detection | forklift intersection compliance and pit pedestrian near miss detection | forklift pedestrian collision prevention and intersection compliance | forklift pedestrian near miss detection,"Unknown: Obviously, no-stop-in-intersection is trending 3-4% in the wrong direction. | Unknown: They also had a pit-to-pedestrian incident. | Unknown: so a forklift hitting a pedestrian. | Unknown: Our computer vision AI sits on top of the existing cameras, and then we'll monitor and capture for nea"
door open propped duration monitoring,5,4,MEDIUM,True,False,mixed,dock door open duration tracking | door open propped duration monitoring | open door duration monitoring,Riley Larkin: You mentioned open door durations. | Riley Larkin: We can do that.
quantify impact of safety interventions with leading indicators and markers,5,4,MEDIUM,True,False,mixed,measure impact of safety actions with markers on incident trends | post intervention markers and trend analysis to validate safety actions | quantify impact of safety interventions with leading indicators and markers | safety reporting benchmarking and trend driven interventions,"Dakota Kendrick: We can incorporate, you can see the small note here, we can incorporate these things called markers to show safety, training changes, behavior changes, conversations, to see what the impact is of the changes that we're making from a safety perspective. | Dakota Kendrick: But now we "
ergonomic overreach prevention,4,4,MEDIUM,False,False,voxel,ergonomic overreach prevention | ergonomic risk and overreaching detection | ergonomics overreaches detection | ergonomics overreaching detection,"Charlie Kingsley: for overreaches, you know, pretty similar story. | Charlie Kingsley: we're seeing it in mostly the aisles here | Charlie Kingsley: during that nighttime, that 9 p.m.. to 6 a.m.., when obviously you guys are most busy with picking. | Charlie Kingsley: Here's some of the heat maps fo"
handle low visibility safety vests in ppe detection,3,3,HIGH,False,False,customer,handle low visibility safety vests in ppe detection | ppe compliance monitoring safety vests | ppe safety vest compliance,"Unknown: if you look at safety vests, there's 111 and it's trending 80-90% in the right direction. | Unknown: We have PPE compliance."
stop sign compliance no stop monitoring,3,3,HIGH,False,False,mixed,stop sign compliance no stop monitoring | stop sign compliance no stops monitoring | stop sign required stop compliance,"Charlie Kingsley: We're going to start with no-stops. | Alex Carver: So we set up that rule that there needs to be a complete stop at that stop sign. | Alex Carver: Came through there and didn't stop at all. | Quinn Madden: And there's a lot of video, very similar to that, where they're, you know, n"
spill detection,3,3,HIGH,False,False,mixed,spill and leak detection including hazardous chemicals | spill detection | spill detection for faster response,"Indigo Vaughn: Spills, I think was another one, right? | Indigo Vaughn: We talked about can't identify chemical spills, yep, in danger zones. | Wyatt Quincy: Sometimes, uh, it's like a hydrocholic acid."
ergonomic overreach improper bend monitoring at crfm,3,3,HIGH,False,False,customer,ergonomic overreach improper bend monitoring at crfm | ergonomics monitoring improper bends and overreaching | monitor and mitigate ergonomic risks overreaching improper bend,"Kendall Bennett: So we saw a lot of them in CRFM, both overreach and improper bend. | Kendall Bennett: I'm not sure that those are actually overreaching. | Briar Langley: Let's go overreach. | Briar Langley: The 38, I-dozens of camera."
use anonymized video for non punitive safety training and coaching,3,3,HIGH,False,False,mixed,use anonymized video for non punitive safety training and coaching | use incident videos for safety training and coaching | use incident videos for safety training and coaching with privacy blurring,"Quinn Madden: We can do retroactive blurring. | Quinn Madden: We can turn the blurring on when we export this. | Quinn Madden: which makes it great for frontline training if that's a cultural barrier. | Charlie Kingsley: use this clip or another clip as an example of, hey, here's, you a behavior we "
monitor safety vest ppe compliance and manage seasonal impacts,3,3,HIGH,False,False,customer,monitor safety vest ppe compliance and manage seasonal impacts | ppe vest compliance monitoring | safety vest ppe compliance monitoring in designated areas,"Alden Carver: any time you can pick up any non-compliant PPE, and mainly with the cameras, that involves vests. We would like that, although most of the time when people don't have vests in the facility, they're usually some sort of federal agency, right, that doesn't have to follow the rules."
forklift stop at intersection compliance tracking and analytics,4,3,MEDIUM,True,False,voxel,forklift collision and intersection compliance monitoring | forklift intersection compliance no stop monitoring | forklift stop at intersection compliance tracking and analytics,"Hollis Sawyer: let's say that we're tracking a forklift, no stop at intersection, okay? | Hollis Sawyer: Make sure that that forklift or that pallet jack or that tugger or whatever vehicle it is that you have makes a full and complete stop there and then continues on. | Hollis Sawyer: We're capturin"
safety reporting and coaching workflows,3,3,MEDIUM,True,False,voxel,action management and coaching workflow for safety remediation | safety coaching via actions workflow | safety reporting and coaching workflows,"Kendall Keller: If you click on Create Action, this opens an entire feedback loop that can be tracked from start to finish. | Kendall Keller: Yep, that does go to email. | Kendall Keller: But specifically here, if you create an action, they'll be listed here under Assigned Actions. | Kendall Keller:"
working at heights detection beta,3,3,MEDIUM,False,False,voxel,working at heights detection | working at heights detection beta | working at heights detection potential enable,"Dakota Kendrick: And the POC is mostly working at heights, so I think we should be hyper-specific for our before and after there. | Dakota Kendrick: know that Aaron's told me previously that the scope for the POC is just working at heights, | Riley Winslow: It's primarily working at height, so there"
suspended load hazard detection,3,3,MEDIUM,False,False,voxel,suspended load exposure monitoring | suspended load hazard detection | working under suspended loads detection,"Indigo Vaughn: Like we have a suspended load that's coming out. Actually, think it might have just been released, and that's like, you need that split second, because if that thing falls, or whatever falls on that person, that person might be dead or memed, right? | Indigo Vaughn: No speeding, no id"
action tracking and accountability for safety interventions,3,2,MEDIUM,True,False,mixed,action tracking and accountability for safety interventions | use actions workflow to assign and track safety interventions,"Kendall Keller: So that's really where actions comes into play, and it's a different way of assigning different video clips to folks to focus on specific coaching efforts, but it also gives you more prescriptive next steps with different suggested titles that we offer. | Kendall Keller: And then in "
use historical data to support internal review,2,2,MEDIUM,False,False,mixed,use historical data to support internal review,Hollis Sawyer: Do you have historical facility data we could use for that conversation? | Hollis Sawyer: We usually look at historical incident patterns and before-and-after comparisons to tell that story without getting too detailed. | Palmer York: I can get that data fairly easily.
parking duration monitoring,2,2,MEDIUM,False,False,voxel,parking duration monitoring,"Alex Carver: Stopping and Starting, Parking, | Alex Carver: Truck Wash, curious, | Alex Carver: no, we haven't got a parking duration there yet"
cross site safety analytics and benchmarking,3,2,MEDIUM,True,False,customer,cross site safety analytics and benchmarking | enterprise safety analytics and site benchmarking,"Unknown: All Sites Dashboard, this is going to see how you're going to see all of your sites trending across the corporation. | Unknown: And then from there, we break it down even further by rule set or use case. | Unknown: maybe we jump into no-stop-in-intersection and see across the org and which "
track and close the loop on safety corrective actions with the actions workflow,3,2,MEDIUM,True,False,customer,actions workflow to assign and track safety corrective actions | track and close the loop on safety corrective actions with the actions workflow,Unknown: We're actually launching a new tool today that just went live for all of our customers that will up-level a little bit of your coaching and incident resolution processes based on the old workflow that you guys were using. | Unknown: create action | Unknown: It gives prescriptive next steps 
assign incidents and track accountability,3,2,MEDIUM,True,False,mixed,assign and track actions with accountability and reporting | assign incidents and track accountability,"Kit Peyton: we do want to get it to the managers and supervisors so then we can actually start assigning stuff to the supervisors. | Eden Quill: And so it's going to be different the way that you assign incidents. | Eden Quill: So you're going to be able to report out on, like, what actions were ope"
no stop at end of aisle enforcement focus on quality corner a,2,2,MEDIUM,False,False,customer,end of aisle stop compliance enforcement | no stop at end of aisle enforcement focus on quality corner a,Unknown: There's an increase in no-stop at end of aisle. | Unknown: He placed our modified duty guys in the intersections that should have helped out decrease it. | Unknown: you've done a lot of work to reduce the no-stops.
integrate with existing camera infrastructure no hardware replacement,2,2,MEDIUM,False,False,mixed,integrate with existing camera infrastructure no hardware replacement | integrate with existing cameras and minimize it burden,"Stevie Yates: Apparently, they're looking at going away from those anyway, and they're closed loop, and there's some other stuff that they're telling me. | Stevie Yates: But they had some hesitation on doing certain things with their cameras, so it may be helpful. | Stevie Yates: They're tied back t"
security area control and after hours presence detection,2,2,MEDIUM,False,False,voxel,after hours presence time based access monitoring | security area control and after hours presence detection,"Shawn Abbott: We definitely have a lot of customers leveraging us for sort of security and area control type use cases, where it's like, did we detect a person in this area? | Shawn Abbott: if we wanted to say, you know, let's make sure that there's no one in this area between the hours of 1 a.m.. a"
product condition monitoring,2,2,MEDIUM,False,False,mixed,product condition monitoring | sensitive product condition monitoring,"Jensen Ellison: But then we add this inventory-monitoring need to it. | Jensen Ellison: And now we are doing something with AI at Meridian Works Operations. | Jensen Ellison: So we have to do some, it's called emissivity testing. | Jensen Ellison: We're going to have to do some testing to see if the"
actions workflow to drive behavior change and accountability,2,2,MEDIUM,True,False,mixed,action workflow and accountability tracking | actions workflow to drive behavior change and accountability,"Alden Carver: my goal here is to have them have equal amounts of time blocked off in order to address alerts, right? | Alden Carver: have the employees who are involved in the alerts at a controlled setting in order to review the video that Voxel provides. | Alden Carver: at certain severities, it's"
ppe compliance monitoring hard hats vests gloves,2,2,MEDIUM,False,False,mixed,ppe compliance monitoring hard hats vests | ppe compliance monitoring hard hats vests gloves,"Kendall Keller: PPE, safety vest and hard hats. | Greer Quill: we had some challenges with it picking out like the PPE usage, and so sometimes it thought that people didn't have gloves on when they actually did have them on | Devon Sterling: specifically, like, PPE, ergonomics, and also, like, line "
distraction detection cellphone use,2,2,MEDIUM,False,False,mixed,cell phone distraction monitoring | distraction detection cellphone use,"Finley Tatum: this guy's on his phone, which is, you know, maybe fine, maybe not, I don't know. Is that something that the cameras could pick up and flag as unsafe if people had something like a phone in their hand, or is that too small or innocuous for it to delineate a phone versus a tool of some "
forklift stop compliance at doors intersections,2,2,MEDIUM,False,False,mixed,forklift speed and intersection stop compliance | forklift stop compliance at doors intersections,"Ellis Emery: We don't have speed-limited forklifts. So things can move pretty quickly. And if people aren't paying attention, you know, things could go wrong. | Ellis Emery: The only incident I'm aware of was a collision in the warehouse a few months ago, right, Emerson? | Emerson Keaton: Two, um, m"
outdoor vehicle speeding detection,2,2,MEDIUM,False,False,mixed,outdoor vehicle speeding detection | vehicle speeding detection across lanes,"Alex Carver: We can do speeding, stopping. | Alex Carver: We just need measurements to do speed for them. | Alex Carver: You could tell us, hey, it's 15 miles an hour. | Alex Carver: And so if anyone goes over that, we would flag that. | Alex Carver: So they know if their drivers are, you know, ripp"
assign and track corrective safety actions with owners and due dates,3,2,MEDIUM,True,False,mixed,assign and track actions with owners and due dates | assign and track corrective safety actions with owners and due dates | assign and track corrective safety actions with owners due dates and reporting,"Alex Carver: And then another thing we did was we created actions. | Alex Carver: So, if you come in here and there's something you want to see that you want the whole team to take initiative on or certain sets of people to take initiative on, you can now come in here and create an action. | Alex Ca"
heat maps to locate safety hotspots and guide pre shift coaching,2,2,MEDIUM,False,False,mixed,heat maps to identify safety hotspots and guide layout 5s improvements | heat maps to locate safety hotspots and guide pre shift coaching,"Shawn Abbott: a heat map is extremely powerful when you're looking at it in a really busy area, know, sort of at full peak, full production, what do we need to focus on? | Quinn Madden: what I have here is the heat map first and foremost. | Operations Conference Room 2: You've already started doing "
crosswalk compliance monitoring,2,2,MEDIUM,False,False,customer,crosswalk compliance monitoring | exterior crosswalk and stop compliance monitoring,"Ryan Archer: But should be at the designated walkway, because where you have the end of the rack on your left. | Ryan Archer: One of things also, we want to make sure that employees are following the crosswalks, but there's no designated stops for co-drivers."
incident heat mapping to identify hotspots,2,2,MEDIUM,False,False,mixed,heatmaps to identify safety hotspots | incident heat mapping to identify hotspots,Unknown: I know you guys are heatmaps beta testers. | Unknown: And almost all of it is concentrated to the Aisle Camera 3. | Unknown: it shows you that these two sections are where a lot of this is occurring. | Unknown: the most prominent occurrence is Wednesdays around 3 a.m..
incident investigation via video review,2,2,MEDIUM,False,False,customer,incident investigation via video review | post incident video review,"Arden Rutherford: New facility, security cameras are going in, and they're going to be used for, like, security. And then, honestly, I'm the district HSC manager, so if they have any incidents, we can go back to the video and try to do some investigation type work, and so on and so forth."
timely alerting for safety issues,2,2,MEDIUM,False,False,mixed,timely alerting for safety issues | timely alerts for critical safety events,"Unknown: We set up proactive notifications so that if something hits Voxel, it goes out to the appropriate individual based on how you configure it. | Unknown: like a pit to pedestrian near miss. | Unknown: You might want to set that up as an automatic notification to whoever you designate."
global safety risk dashboard and heatmap visibility,2,2,MEDIUM,False,False,mixed,global safety risk dashboard and heatmap visibility | risk heat maps and safety analytics,"Ashton Beckett: One of them offers, for the global team, like, for somebody like me and Drew and Sydney and the other global team members, one of the solutions offers the map, right? | Ashton Beckett: And the map with the scores in there, where it shows, like, you pull up your screen, and you can se"
spill detection to prevent slip corrosive hazards,2,2,MEDIUM,False,False,customer,slip and spill hazard detection with near alerts | spill detection to prevent slip corrosive hazards,"Unknown: Let's say for a grocery store, could think about like liquid spills or any kind of like spill on the ground that could be a slipship and fall hazard, | Unknown: Let's say there was a spill on the floor and employees walking by it, right, not doing anything about it, right? We would like to "
reminders for overdue actions,2,2,MEDIUM,False,False,mixed,reminders for overdue actions | reminders for past due actions,"Dylan Tatum: Is there a way to send them like a reminder or anything like that, that they've got actions pending or like they get an email like, hey, your actions past due or your about a week past due or whatever it is. | Eden Quill: Not today, but it is something we expect to support later. | Eden"
pit parking duration monitoring and camera zone tuning,2,2,MEDIUM,True,False,customer,pit parking duration and distraction monitoring | pit parking duration monitoring and camera zone tuning,Harper Sullivan: I think that that has to do with most of the time because they park their vehicle and they go for lunch or they park their vehicle. | Harper Sullivan: So the vehicle will be parked for a while before it's actually moved. | Harper Sullivan: So that I think will always be going up ins
refine obstruction regions to reduce false positives,2,2,MEDIUM,False,False,customer,obstruction detection tuning due to false positives | refine obstruction regions to reduce false positives,"Casey Carlisle: It's been obstructed for materials that are inside the layout. | Casey Carlisle: Yeah, so it is inside the layout, but it's detected by Voxel as it will be an obstruction and it isn't. | Casey Carlisle: The same, but we might need to use the gray or white areas because the black area"
pit speeding monitoring,2,2,MEDIUM,False,False,mixed,pit speed and stop compliance monitoring | pit speeding monitoring,"Shawn Abbott: getting the governors set from the beginning and, you know, potentially I do need to circle back and understand if you guys ended up paying that little bit of extra money to Iron Harbor Fleet for a password-protected governor. | Operations Conference Room 2: remember how they have the "
food safety ppe compliance hair nets and beard nets,2,2,MEDIUM,False,False,voxel,food hygiene ppe compliance hair nets and beard nets | food safety ppe compliance hair nets and beard nets,"Riley Winslow: We also do hair nets and beard nets. | Riley Winslow: Those are obviously more food safety focused, though potentially relevant."
hotspot identification to target high risk areas,2,2,MEDIUM,False,False,mixed,heat maps and hotspot analytics to target high risk areas | hotspot identification to target high risk areas,"Drew Sullivan: It definitely had the capability to pick out the hotspots or when the most, the areas that had the most violations or potential violations, but not, not being where it was actually mapping it out in this situation. | Drew Sullivan: That's very helpful."
tune no pedestrian zone detection to focus on real pedestrian forklift risks,2,2,MEDIUM,False,False,customer,forklift pit and pedestrian safety monitoring including no pedestrian zones | tune no pedestrian zone detection to focus on real pedestrian forklift risks,"Unknown: Yeah, I mean, that's exactly where ergonomics, forklift safety, PPE detection, obstructions, we call it no pedestrian zones, areas that you don't want people to be | Unknown: Lots of different styles, too. | Unknown: So we'll have walk behinds. | Unknown: We'll have walk behind stackers, fo"
forklift speeding detection,2,2,MEDIUM,False,False,mixed,forklift speeding detection | forklift speeding monitoring,"Indigo Vaughn: Oh, there's speeding. Speeding. | Wyatt Quincy: So, for example, there's a fog clip going above the speed limit, which means it can be detected. | Indigo Vaughn: Look, this guy's going over the speed limit that you determined."
ppe compliance monitoring bump caps and safety vests with tuning and zoning,2,2,MEDIUM,False,False,mixed,ppe compliance monitoring bump caps and safety vests with tuning and zoning | ppe compliance monitoring in parking lots safety vests and other ppe,"Nico Blaine: I usually take a look at the Wednesday and Thursdays to see if anyone forgot to put their hat on or their vest, but I noticed it wasn't coming up. | Gale Hadley: I want to go back through the cameras, because we are finding a lot of things like bump caps that are popping up. | Gale Hadl"
facility layout adjustments to reduce pit proximity risk,2,2,MEDIUM,False,False,mixed,facility layout adjustments to reduce pit proximity risk | pit to pit proximity hazard analysis for layout changes,"Unknown: To pit proximity, that's an interesting one. I think we should look at those. | Unknown: I'm always interested in those because sometimes that's something we can address with, you know, design or layout of the DC."
yard vehicle speeding alerts,2,2,MEDIUM,False,False,customer,yard outside vehicle behavior idling speeding | yard vehicle speeding alerts,"Cory Barton: Is there anything outside that we want to track as well? | Arielle Sterling: Like, and we have great area controls, like, I mean, idling, you know, speeding, you know, stuff."
ppe safety gloves compliance and training,2,2,MEDIUM,False,False,voxel,ppe safety glove compliance monitoring | ppe safety gloves compliance and training,"Kendall Keller: Federal Safety Bureau standards and our common interventions that customers take for this use case type, so safety gloves. | Kendall Keller: could be as simple as provide team members with gloves, train and retrain team, ensure gloves are accessible, whatever the case is. | Kendall K"
proactive near miss detection and visibility,2,2,MEDIUM,False,False,customer,near miss detection and proactive monitoring | proactive near miss detection and visibility,"Arden Rutherford: how it picks up near misses, people and equipment interactions, and then the data compilation and interactive reporting if we want our foremen to get those, or if we want to keep it in the HSC department at first, so we can take a more proactive approach before issues become bigger"
ergonomic overreaching and overhead lifting risk,2,2,MEDIUM,False,False,mixed,ergonomic overreaching and overhead lifting risk | ergonomic risk monitoring and coaching overreaching lifting carrying,"Lane Oakley: I know it seems like speeding is kind of a primary focus and certainly the pit interactions, but there might be some kind of some low-hanging fruit areas in the overreaching category. | Lane Oakley: There's several different things that I've picked up on, whether it's pallets over the h"
quality inspection via computer vision,2,2,MEDIUM,False,False,mixed,quality control visual inspection with cameras | quality inspection via computer vision,"Drew Sullivan: Now, this other group has been, and we haven't explored it too much, has been saying that they're working with some, particularly paper mills, QC type, quality control, visual inspection type stuff with the cameras. | Drew Sullivan: We haven't gone down that, but is that something you"
obstruction egress walkway clearance monitoring,2,2,MEDIUM,False,False,mixed,obstruction detection for egress pedestrian walkways | obstruction egress walkway clearance monitoring,"Ryan Archer: So that means that nothing should be parked over there. | Ryan Archer: There should be no materials sitting over there at all. | Shawn Abbott: Like 60 seconds? | Ryan Archer: In any walkways, we don't want material sitting on the walkways for more than a minute. | Marlowe Vaughn: You do"
obstruction hazard monitoring,2,2,MEDIUM,False,False,voxel,obstruction hazard detection in critical areas | obstruction hazard monitoring,"Kendall Keller: In addition to that, no PED zone, obstructions, no stop at end of vial."
behavior based safety analytics with heat maps pilot,2,2,MEDIUM,False,False,voxel,behavior based safety analytics with heat maps pilot | proactive safety analytics heat maps and action insights,"Alex Carver: heat map should be coming here. Hopefully by the end of this month, it'll be live for every customer. | Alex Carver: Voxel will start, air quotes, saying, hey, you you guys are having improper bend spikes around this time of the week. | Alex Carver: Here's four options that may help, yo"
pinpoint hazard hotspots with heat maps to drive mitigations,2,2,MEDIUM,False,False,mixed,heatmaps to pinpoint hazard hotspots | pinpoint hazard hotspots with heat maps to drive mitigations,"Alex Carver: And then the last, I think the most exciting thing is Heat Maps is now, it's going officially live to everybody at the end. | Alex Carver: So this is an example from, you know, a customer of looking at their pit to pit on this exact camera. | Alex Carver: But now you have that fourth la"
safety vest compliance tracking,2,2,MEDIUM,False,False,customer,high visibility safety vest compliance monitoring | safety vest compliance tracking,Unknown: You've actually seen a pretty sharp decrease in safety vest incidents.
detect dangerous zone intrusions to drive engineering redesign,1,1,MEDIUM,False,False,customer,detect dangerous zone intrusions to drive engineering redesign,"Tristan Locke: I remember the one guy, you know, kind of ducking in between the boards. | Tristan Locke: And then they kind of redesigned that whole area. | Tristan Locke: I think if we would have put a marker on that date, you probably would have seen the trend go sharply down."
access heatmaps for improper bend and overreaching,1,1,MEDIUM,False,False,customer,access heatmaps for improper bend and overreaching,"Casey Carlisle: The heatmaps aren't yet launched for us. | Casey Carlisle: We, we, I don't remember if David shared to us, but it might be useful if we can, if you can send at least the improper band and overreaching. | Casey Carlisle: I believe there are two or a few cameras that are giving a lot o"
access egress safety and restricted area intrusion,1,1,MEDIUM,False,False,mixed,access egress safety and restricted area intrusion,"Lennon Sawyer: I don't know if you guys have anything on access and egress. | Dakota Kendrick: Yeah, so we can define, like, no pedestrian zones where people should never be. | Dakota Kendrick: We can do a no obstruction zone, so, like, nothing should be blocking this area. | Brennan Walker: Restric"
fork truck idle time monitoring via sterling axis insights,1,1,MEDIUM,False,False,customer,fork truck idle time monitoring via sterling axis insights,"Oakley Winslow: Do you want to do fork truck idle time or no? | Marlowe Vaughn: So we're installing the Sterling Axis Insights, so we don't really need that. | Marlowe Vaughn: Once that's installed, it'll tell us idle time."
supervisor specific boards and action follow up for safety,1,1,MEDIUM,False,False,mixed,supervisor specific boards and action follow up for safety,"Nico Blaine: Are we able to assign specific cameras to those individuals? | Alex Carver: Yes, you guys can. So we can do that through boards. | Alex Carver: So the way we'll set it up is this supervisor needs these a few cameras, all use cases, whatever you guys want to name it, we'll name it. | Gal"
dolly brake tongue position compliance,1,1,MEDIUM,False,False,customer,dolly brake tongue position compliance,"Alden Carver: Dollies have to be up. Dolly tongues have to be up for brakes to be set. So, we don't have runaway units, different things like that."
line of fire hazard observation support,1,1,MEDIUM,False,False,customer,line of fire hazard observation support,"Devon Sterling: using the cameras, I like to see it kind of align with some of the things we're doing as a company with, like, safety observations, you know, specifically, like, PPE, ergonomics, and also, like, line of fire type hazards, but obviously with the forklifts, I think it supports it prett"
actions workflow for incident and task management,1,1,MEDIUM,False,False,customer,actions workflow for incident and task management,"Unknown: create action | Unknown: It gives prescriptive next steps in terms of how you can address this. | Unknown: It allows for people to be assigned to different areas as well, and you can also subscribe in order to follow the event from start to finish. | Unknown: you can also include a due date"
update contracts to reflect new leadership and stakeholders,1,1,MEDIUM,False,False,mixed,update contracts to reflect new leadership and stakeholders,"Teagan Monroe: Now, I know that we have the contract somewhere, but when you send out the bill, do you also send out a new contract for the new leadership? | Shawn Abbott: Yeah, we can send out, we can sign out the executed order forms, and then if we come together, we could, if we wanted to craft s"
filter cleaning related spills via timing threshold,1,1,MEDIUM,False,False,mixed,filter cleaning related spills via timing threshold,"Casey Carlisle: oh, I remember another thing that they were going to see if it's possible to add some timing to the spill category, just like you do in obstruction, because when they are mopping the floor, we have some spills incidents that are not real. | Casey Carlisle: Yeah, so for example, most "
open door monitoring for security,1,1,MEDIUM,False,False,customer,open door monitoring for security,"Arden Rutherford: I mean, I like the open door thing for the security reasons too as well."
ladder safety and fixed ladder elimination,1,1,MEDIUM,False,False,customer,ladder safety and fixed ladder elimination,"Stevie Yates: Another big one we got coming is we're going to be looking pretty hard at ladders. | Stevie Yates: In our siding group, they had an injury where someone slipped off a ladder. | Stevie Yates: we're getting ready to put the full court press on fixed ladders and not just from a regulatory"
safety performance analytics gamification and reporting,1,1,MEDIUM,False,False,customer,safety performance analytics gamification and reporting,"Unknown: What do you guys see as a ROI as far as getting better, right? So do we use this as a store competition or a warehouse competition? Like, hey, guys, the store down the road is kicking your butt. | Unknown: Gamification definitely works. Make it fun. | Unknown: we just set that up with you o"
detect and prevent catastrophic safety events,1,1,MEDIUM,False,False,mixed,detect and prevent catastrophic safety events,"Riley Winslow: what were the types of injuries that we really didn't have insight into previously, that we kind of always knew were occurring, that were potentially catastrophic in nature, that now we have insight into, we've actually seen them occurring, and we've been able to put some sort of cont"
operator not looking in direction of travel detection,1,1,MEDIUM,False,False,customer,operator not looking in direction of travel detection,"Alden Carver: Not looking in the direction of travel. I know that's a tough one, especially if the cameras aren't close, but that's another one we keep trying to pick up as well."
detect unsafe pallet jack practices for coaching,1,1,MEDIUM,False,False,customer,detect unsafe pallet jack practices for coaching,"Operations Conference Room 2: And then we see on Voxel, the guy loading a pallet jack without turning the handle so the wheels weren't locked in place. | Operations Conference Room 2: And then the pallet jack is moving while he's loading it, and then he stands on it, on the pallet to put something o"
implementing velocityehs system,1,1,MEDIUM,False,False,customer,implementing velocityehs system,"Stevie Yates: My group, the Summit Track Systems, that's probably taking up a lot of the most time at the moment, just because we're right in the middle of the design of that new system. | Stevie Yates: And I think that's about to, I think we almost have our part done, but that's taken up a lot."
walking over forks slip trip hazard,1,1,MEDIUM,False,False,mixed,walking over forks slip trip hazard,"Dakota Kendrick: This is what Brian from our team likes to talk about this all the time, which is like walking over forks. | Dakota Kendrick: Is walking over the forks, like what he did here, is a risk for you? Like, is that like something you guys want to know about? | Jesse Sloane: Walking over th"
enterprise analytics and benchmarking across sites,1,1,MEDIUM,False,False,customer,enterprise analytics and benchmarking across sites,"Unknown: All Sites Dashboard, this is going to see how you're going to see all of your sites trending across the corporation. | Unknown: And then from there, we break it down even further by rule set or use case. | Unknown: where we can pull best practices from Market Street, because they seem to be"
fill room safety monitoring in new production facility,1,1,MEDIUM,False,False,customer,fill room safety monitoring in new production facility,"Unknown: would this be something worth looking into in our new production facility, specifically around our, what we call the fill room, where they basically, the operations around the packaging and known for the | Unknown: The warehouse is more restricted and maybe a little less risky, but still co"
ergonomics monitoring in molding cells,1,1,MEDIUM,False,False,customer,ergonomics monitoring in molding cells,Blake Finch: Now we're shifting our focus to ergonomic type stuff. | Blake Finch: So we tweaked one of our cameras last week and we're starting to get data inside of a molding cell. | Blake Finch: To see what type of ergonomic stuff we can pick up. | Blake Finch: we had quite a few ergo issues in ou
planning for multi site rollout requirements,1,1,MEDIUM,False,False,customer,planning for multi site rollout requirements,Ashton Beckett: I want a clearer picture of how this would be scoped across the different options. | Ashton Beckett: What else would we need beyond what we already have in place? | Ashton Beckett: What other implementation considerations would fall on our side? | Ashton Beckett: Having more clarity 
dock pit and pedestrian safety monitoring,1,1,MEDIUM,False,False,mixed,dock pit and pedestrian safety monitoring,"Micah Gentry: What we started focusing on in the tool to get some quick wins was to really go after our dock safety when it came to pit on pit, PIV on PIV, part of industrial vehicles, interactions. | Eden Quill: So we did have in there that the pit-to-pit focus started on December 26th, and I can't"
no pedestrian zone enforcement ramps robot cells,1,1,MEDIUM,False,False,mixed,no pedestrian zone enforcement ramps robot cells,"Sloane Collins: right here, so this right here, just so you know, would be a no pedestrian. We have signs up and such that there's no pedestrian traffic to be going up and down this ramp. | Parker Donovan: We'll put no pet in by the robots just to see how often people have to go in there, fix it. | "
upgrade legacy nvr vms with ai capabilities,1,1,MEDIUM,False,False,customer,upgrade legacy nvr vms with ai capabilities,"Kieran Ashford: Be interested or looking, we've had the same in VR software for several years. | Kieran Ashford: It works, but it seems to be falling behind. | Kieran Ashford: They don't do any kind of AI or anything like that."
pit to pedestrian proximity trend analysis with rolling average,1,1,MEDIUM,False,False,customer,pit to pedestrian proximity trend analysis with rolling average,"Denver Ellery: so in this pit to pet stuff that you guys sent over, over here, I added a four-week rolling average, right? | Denver Ellery: So like, for example, like pit to pet, it was 21.5, 23.5, 22.5, and it basically stayed at 2, and then we changed the layout over there by grand, and now it's a"
adjust ergonomics detection for exoskeleton users,1,1,MEDIUM,False,False,customer,adjust ergonomics detection for exoskeleton users,"Unknown: obviously with the exoskeleton just kind of, I mean, I'm just, you know, I would watch a video and I feel like, okay, well, you know, they picked it up just regular, you know, maybe not, you know, fully using their like, you know, legs, right, to pick up the cases or it's a little bit like "
global regulation monitoring for customs services,1,1,MEDIUM,False,False,customer,global regulation monitoring for customs services,"Logan Thayer: So we're looking at how to integrate and automate the regulation monitoring for all incoming or new regulations and compliance from every source in the world, you could say."
near miss capture and coaching,1,1,MEDIUM,False,False,mixed,near miss capture and coaching,Drew Emery: we don't have to rely on the accuracy of people reporting on themselves or the human eye seeing everything. Now it's going to be captured. | Drew Emery: these are going to be sent to you in real time. | Skyler Gardner: And we had a near miss like reporting function through that and no on
camera coverage planning and rescoping to address blind spots,1,1,MEDIUM,False,False,mixed,camera coverage planning and rescoping to address blind spots,"Remy Turner: just evaluate where cameras are, right? And do we have any blind spots? | Parker Ramsey: The system works with the existing camera setup, so if there are blind spots, the site may need to add more coverage. | Kendall Keller: for any existing cameras that you want to review, we can look "
email summaries for insight without platform login,1,1,MEDIUM,False,False,mixed,email summaries for insight without platform login,"Terry Drake: Yeah, I mean, outside of that, they're getting, like, daily email summaries, right? | Gray Ashford: So there's, like, information they're getting that allows them to get, like, some insight into what's happening without logging into the platform"
customer service alerts at fabric cutting and service areas,1,1,MEDIUM,False,False,customer,customer service alerts at fabric cutting and service areas,"Darcy Kendrick: They do not like waiting, not having someone at the cutting area. | Darcy Kendrick: This is a fix for the cutting area. | Darcy Kendrick: we can turn that customer quicker at the fabric area by notifying team members."
embed incident videos in presentation decks,1,1,MEDIUM,False,False,mixed,embed incident videos in presentation decks,"Kelsey Parker: be able to take a specific video and embed it... I want to showcase this one thing and put it in that, and then allow it to run as a video in the presentation mode, would be great. | Keegan York: if we can provide like a one click to do that, that would be, it sounds like that would b"
heatmap based prioritization of reviews,1,1,MEDIUM,False,False,mixed,heatmap based prioritization of reviews,"Kendall Keller: what this allows you to do is, based on this information here for the last about a month in this camera view, you can see through the control box view where are these events happening the most. | Remy Turner: that heat map is definitely a good one... it helps you, like you said, home"
obstruction monitoring for blocked egress and eyewash stations,1,1,MEDIUM,False,False,customer,obstruction monitoring for blocked egress and eyewash stations,"Unknown: Obstructions. So this would be like blocked egresses in the back of the store, anywhere you don't want something or an object to be. | Unknown: I always think the word food safety is to think of any kind of food safety type of violations within the facility, doors being left open, eyewash s"
customer incident evidence capture and faster closure,1,1,MEDIUM,False,False,customer,customer incident evidence capture and faster closure,Darcy Kendrick: we all know that the appropriate film can save me a million dollars. | Darcy Kendrick: A lot of my claims begin with a customer walking in and end with a serious incident. | Darcy Kendrick: How can you help me fill those internal gaps while knowing I don't have a dime to spend on it?
ergonomics and manual material handling injury reduction,1,1,MEDIUM,False,False,mixed,ergonomics and manual material handling injury reduction,"Kai Fletcher: That insurance information with our history of injuries that are mainly due to material handling, manual handling of our equipment. | Alex Carver: Material handling, ergonomics, vehicle movements, struck buys, right?"
run a trial before broader rollout,1,1,MEDIUM,False,False,customer,run a trial before broader rollout,"Ashton Beckett: And then the second part was, he's like, can we partner? | Ashton Beckett: Like, is this something where we can trial this? Do you have a trial? | Ashton Beckett: Is there a way for us to evaluate this internally and explain the value to the right stakeholders? | Ashton Beckett: Beca"
potential expansion to retail stores,1,1,MEDIUM,False,False,customer,potential expansion to retail stores,"Terry Drake: I think it's a super smart and effective tool that I think we should use, I think, definitely at our DCs, but maybe in the stores too, which would be cool."
signage effectiveness and traffic control analytics,1,1,MEDIUM,False,False,customer,signage effectiveness and traffic control analytics,"Jamie Valentine: Being able to look at it more holistically, whether that's PPE or, you know, regulatory and signage or anything like that, we're kind of chipping away at that piece to kind of make that impact same building to building. | Jamie Valentine: So there's our continuation of our regulator"
front of store hotspot monitoring,1,1,MEDIUM,False,False,customer,front of store hotspot monitoring,"Darcy Kendrick: We always tend to have more issues up front during the holiday season. | Dakota Pierce: That broader issue near the front of the store is what we keep running into. | Dakota Pierce: If we could identify one or two areas of a store where most customer-related claims happen, is there a"
high accuracy alerting and broad hazard detection coverage,1,1,MEDIUM,False,False,customer,high accuracy alerting and broad hazard detection coverage,"Alden Carver: His big thing always with these automated systems is just accuracy, right? | Alden Carver: Accuracy of reporting, you know, the whole point is to work smarter, not harder. | Alden Carver: you know, a lot of times if somebody walked in front of a forklift and there was no sort of safety"
safety monitoring for non routine pm tasks on fiber lines,1,1,MEDIUM,False,False,customer,safety monitoring for non routine pm tasks on fiber lines,"Blake Finch: Yeah, right now we're working on non-routine tasks or non-standard tasks. | Blake Finch: We've had a few reported injuries this year on our fiber lines. | Blake Finch: That were from a, yeah, just call it line or team tasks, like PM-type activity that happens once a week, once a month, "
near miss detection and hotspot visibility in dc,1,1,MEDIUM,False,False,mixed,near miss detection and hotspot visibility in dc,"Jamie Flynn: We do get a lot of close calls, though. | Jamie Flynn: Now, if I'm not mistaken, this thing will kind of help identify those areas? | Dakota Kendrick: And we would detect safety risks and near misses in real time."
ongoing partnership and customer success support,1,1,MEDIUM,False,False,mixed,ongoing partnership and customer success support,"Ashton Beckett: Because that's what we're kind of, we're looking for a partner, not just, you know, a cool new toy at one site that we can show off to leadership, right? | Marin Dover: it's not like you start using the product and then stop hearing from us; we stay involved to help you moving forwar"
enterprise wide safety visibility and hotspot identification,1,1,MEDIUM,False,False,customer,enterprise wide safety visibility and hotspot identification,"Jamie Valentine: Yeah, typically when we roll projects out, you know, we might be able to, we might focus on one versus the other, but we have oversight over the entire enterprise. | Jamie Valentine: I mean, for context, Joe, there's Rochelle, my counterparts, the two managers, and two analysts that"
ergonomic risk detection in packaging seasoning and bagger film changes,1,1,MEDIUM,False,False,mixed,ergonomic risk detection in packaging seasoning and bagger film changes,"Arielle Sterling: These are some of the new equipment you haven't seen yet. So some cool ergo stuff we'll talk about later. | Riley Winslow: Yeah, probably a heavy Ergo scene. | Riley Winslow: Yeah, so there may be some ergonomic risk here in this area. Maybe overreaching. | Unknown: We had someone "
ppe compliance high visibility apparel,1,1,MEDIUM,False,False,mixed,ppe compliance high visibility apparel,"Sloane Collins: There could be a rare reason where they're back there, and if they are back there, they should have safety yellow on, but... | Hollis Sawyer: Let's make sure that we understand where PPE should be highlighted."
data overload management via boards and filtered default views,1,1,MEDIUM,False,False,mixed,data overload management via boards and filtered default views,"Remy Turner: there was just a load of stuff in there. It's like, well, what do we do with it, right?... make it more digestible? | Keegan York: we have the ability to create a board based on incident types, cameras, and also shifts... We can make boards a default for anyone... When I log into Voxel,"
warehouse productivity via wearable device optimization,1,1,MEDIUM,False,False,customer,warehouse productivity via wearable device optimization,"Jordan Merritt: it was all Bluetooth compatible with an extra battery pack. | Jordan Merritt: So you would just take out that little battery, replace it super, I think it would last like maybe like four to several hours. | Jordan Merritt: So swapping a half of a battery kind of saved a lot of time, "
unsafe behavior around conveyors and struck by risk pull and jump leaning sitting,1,1,MEDIUM,False,False,mixed,unsafe behavior around conveyors and struck by risk pull and jump leaning sitting,"Quinn Madden: We've got a little struck by risk. | Quinn Madden: There is a video that I just sent, and it was two colleagues sitting and hanging on the outside watching two colleagues. | Operations Conference Room 2: And it's the weekend. Like, leaning on. Leaning on. Leaning on."
perimeter fence intrusion security monitoring,1,1,MEDIUM,False,False,customer,perimeter fence intrusion security monitoring,"Perry Everett: plus, I mean, maybe that fence that, that's Australian Border Force over that fence, so it's very unlikely somebody's going to come over that fence, if they're coming over that fence, they've probably got Border Force people chasing them, but I'd have to go back over there."
warehouse vehicle safety no stop and pit distance monitoring,1,1,MEDIUM,False,False,customer,warehouse vehicle safety no stop and pit distance monitoring,"Casey Carlisle: There are some categories that has not been detected yet, and I'm sure there are incidents in that site, for example, that no stop at the end of the aisle. | Casey Carlisle: So if, if we see the active region, it should be detecting that he knows that no stop of the intersection or t"
confined space risk during oven cleaning,1,1,MEDIUM,False,False,customer,confined space risk during oven cleaning,"Drew Sullivan: Possibly an increased risk of confined spaces. | Drew Sullivan: In the other plants, we are not, and we do that with cleaning our ovens. | Drew Sullivan: If we go in-house, then we definitely have an increased risk of a hazard of confined space entry."
open door duration tracking for turn time management,1,1,MEDIUM,False,False,mixed,open door duration tracking for turn time management,"Quinn Madden: it's also possible to turn on open door duration so that if you knew your turnaround time was, for example, no more than, say, under an hour, you wanted the truck to turn around in, you could start the open door duration so you'd have some line of sight to when it's there longer. | Ope"
fire related issue alerts,1,1,MEDIUM,False,False,customer,fire related issue alerts,"Tristan Locke: We've had a fire-related event, and we want to know whether the system could recognize that type of signal. | Tristan Locke: Is there a way to tie it into the system so we get a notification when that kind of event occurs? | Tristan Locke: it sends alerts for fire prevention and safet"
exclude planned events from analytics to avoid skewed metrics,1,1,MEDIUM,False,False,mixed,exclude planned events from analytics to avoid skewed metrics,"Nell Alden: And I will say if we do get a spike right now, which we shouldn't, but we're doing our fire drills this week. | Kendall Keller: That's something we can hide. | Kendall Keller: Like if you want to select a particular time frame, we can actually remove that information because it's not con"
distributed area ownership via boards and tier process,1,1,MEDIUM,False,False,mixed,distributed area ownership via boards and tier process,"Remy Turner: we have to create almost like area champions in a way where they have their own dashboard of those areas that they're managing | Parker Ramsey: each of those areas have owners, right? So we could tie that into what you're saying, right? And they could be a daily topic, a weekly topic..."
forklift pallet jack and pedestrian safety in back rooms,1,1,MEDIUM,False,False,mixed,forklift pallet jack and pedestrian safety in back rooms,"Dakota Kendrick: We do like vehicle safety, so forklift safety. | Unknown: we can do stop at the intersections, forklift and remissives, and things of that nature. | Unknown: Back rooms, we have pallet jacks, we have forklifts running around. So definitely want it there."
forklift pre use inspection compliance,1,1,MEDIUM,False,False,customer,forklift pre use inspection compliance,"Ryan Archer: Doing the forklift inspection or taking the time, but I don't know how that is, how we can do that."
address federal safety bureau regulatory compliance in safety programs,1,1,MEDIUM,False,False,customer,address federal safety bureau regulatory compliance in safety programs,"Cleo Corbett: And if you're able to layer in anything from a Federal Safety Bureau compliance, Federal Safety Bureau compliance standpoint, you know, regulatory compliance, like, there's so many ambiguities right now, know, with, you | Cleo Corbett: So are the feds going to enforce that? | Cleo Corb"
reduce implementation training burden and false positives,1,1,MEDIUM,False,False,customer,reduce implementation training burden and false positives,"Ashton Beckett: One thing that set that one apart from the others, but if you look at it, it's not very simple. | Ashton Beckett: It's a little bit more difficult to use. | Ashton Beckett: There's more of a learning curve. | Ashton Beckett: There might be a little bit more time spent on the implemen"
use of voxel boards for simple data visualization and team communication,1,1,MEDIUM,False,False,customer,use of voxel boards for simple data visualization and team communication,"Denver Ellery: I know they have been using it and they like it more than we have another way to look at data as far as our observations through, I forgot the name of the company, but there's another company we use and all the information there is very very confusing. | Denver Ellery: So they compare"
customer service area staffing monitoring,1,1,MEDIUM,False,False,customer,customer service area staffing monitoring,"Unknown: you can also make sure that people are where you want them to be. Like, for instance, if you always wanted to make sure that the customer service area always had somebody there, you know, but no more than a few minutes where maybe it's unattended"
link incident logs to camera footage for leader review,1,1,MEDIUM,False,False,customer,link incident logs to camera footage for leader review,"Jamie Valentine: being able to, oh, we have this list of incidents, and being able to quickly kind of tie all of those a few camera feeds, right? Like, so look at all of our incidents and then being able to have that digest period of, you know, here's all the footage of those incidents based on the "
change management impact tracking and leadership storytelling,1,1,MEDIUM,False,False,mixed,change management impact tracking and leadership storytelling,"Gray Ashford: It'd be really nice to have some data around, like, hey, we identified this issue of Zone Red. | Gray Ashford: Here are the steps we took. | Gray Ashford: Here's what the platform told us. | Terry Drake: So actually implementing it, I think, is the next step, and I'll get with the stee"
camera based red zone to replace light curtains,1,1,MEDIUM,False,False,customer,camera based red zone to replace light curtains,"Drew Sullivan: We're even looking at what they call red zone type application, which doesn't, it would be replacing light curtains, but that's not something we're going to, hang on."
ppe compliance in kitchens deli meat gloves hairnets cut resistant mesh gloves,1,1,MEDIUM,False,False,customer,ppe compliance in kitchens deli meat gloves hairnets cut resistant mesh gloves,"Unknown: In your kitchen areas or in the deli, we can do PPE. So if you would be wearing gloves or hairnets, | Unknown: service deli, whenever team members are using a knife, cut-resistant gloves should be on, cleaning or handling slicers, cut-resistant gloves should be on, produce department right "
pit pedestrian interaction and near miss detection staging warehouse tote dumping,1,1,MEDIUM,False,False,mixed,pit pedestrian interaction and near miss detection staging warehouse tote dumping,"Arielle Sterling: So this is a drive aisle for pit. | Unknown: So to Cory's point, this is the area where a lot of near misses have been happening, | Riley Winslow: I would assume you're using powered industrial trucks to move the totes around. | Arielle Sterling: Yeah, so forklift will load the bin"
attendance visibility and office usage analytics,1,1,MEDIUM,False,False,mixed,attendance visibility and office usage analytics,"Elliot Sutton: Like for attendance purposes, do you think leadership needs to have a better understanding of how people are coming into the office? | Bailey Langley: I don't think so, but that is nice. | Bailey Langley: So I'm assuming, I'm assuming a lot of the hiring, I'm sorry, the managers would"
product and infrastructure damage detection collisions with racks product,1,1,MEDIUM,False,False,mixed,product and infrastructure damage detection collisions with racks product,"Bellamy Warren: There's also, on this camera feed, there was a pit-to-pit hit. Well, a pallet-to-pit still. Still. A unit-to-unit hit, and it didn't trigger, actually, either. | Gray Ashford: if a power-industrial truck were to strike a rack, or, in this case, like, product or a pallet, that's somet"
integration with incident management and reporting systems,1,1,MEDIUM,False,False,customer,integration with incident management and reporting systems,"Alden Carver: We use an external system to manage incident workflows. | Alden Carver: And then that system feeds our reporting layer. | Alden Carver: Can you work with that external system to manage this automatically? | Alden Carver: So alert, it then automatically create an event in our incident m"
behavior based safety coaching pre shift training and gamification using clips,1,1,MEDIUM,False,False,mixed,behavior based safety coaching pre shift training and gamification using clips,"Hollis Sawyer: whether that's through training of the workforce and different elements that we work with our customers and we'll work with you around behavior-based safety programs, whether that's moving into the specific risks and areas that we can surface that data, whether that's gamification so "
conveyor misuse working at heights monitoring,1,1,MEDIUM,False,False,mixed,conveyor misuse working at heights monitoring,"Riley Winslow: if you like wanted to do something, I don't know, like working at heights where people getting up on top of conveyors, you'd be better, it'd be better soon. | Riley Winslow: You'd be shocked how people cross conveyors, even when there's a pretty obvious, safe, and rather convenient pa"
second shift visibility eye in the sky,1,1,MEDIUM,False,False,mixed,second shift visibility eye in the sky,"Adrian Morrow: And probably the main reason why we were interested in technology is it's kind of difficult to have eyes all day at all times. We handle two different shifts | Taylor Nash: One's like looking at Voxel to get the eye in the sky, the areas that you don't have visibility, maybe specifica"
training and toolbox talks using bookmarked clips,1,1,MEDIUM,False,False,customer,training and toolbox talks using bookmarked clips,Unknown: A lot of our customers will use this in their toolbox talks or even trainings. | Unknown: They'll bookmark specific clips that will allow them to just pull them up quickly and coach them through trainings.
door asset damage prevention via intersection monitoring,1,1,MEDIUM,False,False,customer,door asset damage prevention via intersection monitoring,"Unknown: They had to replace the door three different times, cost them up to REDACTED. | Unknown: they wanted to have a... No Stop at Intersection at this door."
post intervention markers and trend analysis for roi,1,1,MEDIUM,False,False,mixed,post intervention markers and trend analysis for roi,"Tristan Locke: I feel like identifying when we had one of those marker points, where, you know, up until that point, we had a thousand, you know, issues, and then Trey, we created a corrective action, we had a marker point, and then from then on, it's been a non-event. | Tristan Locke: We can go bac"
prompt alerts for excessive speeding with configurable threshold,1,1,MEDIUM,False,False,mixed,prompt alerts for excessive speeding with configurable threshold,"Evan Rivers: I was going to ask if there was a way to set up a notification when someone exceeds a higher speed threshold so we can address it as it is happening. | Shawn Abbott: That should be possible through existing notification options, and we can circle back with the team to see if we can set "
plan for new thin hi viz ppe and adjust detection accordingly,1,1,MEDIUM,False,False,mixed,plan for new thin hi viz ppe and adjust detection accordingly,"Nell Alden: I think Pat was involved about a possible new PPE garment with kind of a thinner stripe of HiViz. | Nell Alden: And so if we did end up going to that, we would probably remove HiViz off of some of it because I don't believe Voxel can fully capture it. | Nell Alden: And mean, it is maybe "
paid pilot to validate voxel with an existing camera environment,1,1,MEDIUM,False,False,mixed,paid pilot to validate voxel with an existing camera environment,"Kai Fletcher: We could even do some sort of pilot program because our operations team said, let's just move forward and we'll pilot in one location. IT says, that ain't going to happen because I need to verify everything's going to work before I sign off on to it | Alex Carver: It sounds like the cu"
camera enhancements for safety oversight voxel like,1,1,MEDIUM,False,False,customer,camera enhancements for safety oversight voxel like,Unknown: I'd been on hold for some sort of camera enhancements similar to what you – exactly to what you guys are doing because I've seen your product and I like it. | Unknown: There would be a lot of benefit to having more oversight.
pilot kpi tracking and weekly reviews,1,1,MEDIUM,False,False,mixed,pilot kpi tracking and weekly reviews,"Unknown: what are the measures of success? I would love for you to help me build that. How do we track that on a certain frequency? | Arielle Sterling: How does this compare to other organizations? And helping me find the wins in the data would be helpful. | Indigo Vaughn: And typically, probably a "
noise reduction via selective use case scoping,1,1,MEDIUM,False,False,mixed,noise reduction via selective use case scoping,"Blake Finch: And so my concern is that I start setting up all these cameras all over the place, then I get all this pinging and activity, and it's, how do you sort? What you need to go work on and prioritize it and all that little of stuff. | Hollis Sawyer: we have customers that do this. Kendall an"
vehicle pedestrian proximity man machine interface alerts,1,1,MEDIUM,False,False,customer,vehicle pedestrian proximity man machine interface alerts,"Brennan Walker: Man-machine interface, the equipment and the people inside. | Brennan Walker: The equipment, when they move, they don't see them, and they kill them. | Brennan Walker: It detect whatever person that comes in like two meters or something from the equipment, and accordingly it will det"
pilot voxel on an existing fixed camera area,1,1,MEDIUM,False,False,mixed,pilot voxel on an existing fixed camera area,"Dakota Kendrick: there are a number of cameras in that area already. | Dakota Kendrick: That's probably going to be the easiest from an integration standpoint because you have existing cameras there and the supporting infrastructure is already in place. | Lane Donovan: Yeah, we have what we need the"
data export api integration for custom analytics,1,1,MEDIUM,False,False,customer,data export api integration for custom analytics,"Jamie Valentine: Are you – do you guys have functionality as far as setting up APIs with us for pulling, like, raw data if we want to spin it however we like? Or is it pretty much you guys grab it and put it on the platform when we're limited to? The reporting that's currently available, what you're"
conveyor congestion pile up detection to prevent falling objects,1,1,MEDIUM,False,False,customer,conveyor congestion pile up detection to prevent falling objects,"Operations Conference Room 2: Is there anything where you guys can see where boxes are starting to back up and build a, like, start to build up in a certain line? | Operations Conference Room 2: it then boxed up, and then it pushed over a a moderate load box off of a probably a long distance in the "
reporting and notifications,1,1,MEDIUM,False,False,customer,reporting and notifications,"Operations Conference Room 2: This reporting approach is intended to let you subscribe to the data you want and receive automated updates, which could reduce how often you need to go into the platform directly. | Operations Conference Room 2: There should be a way to receive notifications through th"
ppe compliance and restricted area controls,1,1,MEDIUM,False,False,mixed,ppe compliance and restricted area controls,"Drew Emery: Maybe there is a welding area that, you know, if you're not wearing the proper PPE, people can't be in that area. | Arden Rutherford: the ergonomics, PPE, vehicle safety, and area, yeah, spills, yeah, that's our environmental, yeah, all that looks good."
cross facility summary view for benchmarking,1,1,MEDIUM,False,False,customer,cross facility summary view for benchmarking,"Operations Conference Room 2: So, this is a sample site view. In a multi-site setup, you can switch between locations from a single summary view. | Operations Conference Room 2: we're going to highlight the trends over the last about a month by facility, right? | Operations Conference Room 2: now se"
use voxel video for safety coaching and union collaboration,1,1,MEDIUM,False,False,customer,use voxel video for safety coaching and union collaboration,"Robin Oakley: I have quarterly roundtables, and I take snippets of the video from Voxel, show it to the teams. | Robin Oakley: You know, I have my mill managers present with, you know, the top three intriguing things or things that they caught either on Voxel or on other cameras that we've pulled. |"
role based boards and camera access for supervisors,1,1,MEDIUM,False,False,mixed,role based boards and camera access for supervisors,"Nico Blaine: Are we able to assign specific cameras to those individuals? | Alex Carver: Yes, you guys can. So we can do that through boards. | Alex Carver: So the way we'll set it up is this supervisor needs these a few cameras, all use cases, whatever you guys want to name it, we'll name it. | Gal"
quarterly shareholder reporting,1,1,MEDIUM,False,False,mixed,quarterly shareholder reporting,"Hayden Easton: I to say thank you for getting me that report for my shareholders. | Hayden Easton: Could I get it to you the week of the 15th? | Kendall Keller: March 15th, get that Q4 report to you."
obstructed view driving detection,1,1,MEDIUM,False,False,mixed,obstructed view driving detection,"Alden Carver: And then a lot of times, you know, driving forward with an obstructed view, that was another one ProTex struggled with. | Alden Carver: we have a recent incident that involved someone driving forward with an obstructed view. | Dakota Kendrick: To your point, obstructed view. | Dakota K"
re scope cameras zones to maintain accurate safety detections and manageable incident volume,1,1,MEDIUM,False,False,mixed,re scope cameras zones to maintain accurate safety detections and manageable incident volume,"Vale Mercer: We re-scoped, got the total daily incidents down. | Vale Mercer: So, I'm able to actually look through everything and not just be overwhelmed with what I'm looking at over and over again. | Eden Quill: If you have cameras that have moved or you have just a spike in trends, it could be a"
hard hat ppe compliance at maintenance propane station,1,1,MEDIUM,False,False,mixed,hard hat ppe compliance at maintenance propane station,"Dylan Tatum: Actually, that will be another good place for a no hard hat because we have a lot of vendors and delivery drivers come through there and if they're not wearing their hard hat, I need to know that as well. | Eden Quill: So I will add hard hat to that one whenever I pre-scope it."
timely corrective actions and due dates for high severity safety events,1,1,MEDIUM,False,False,mixed,timely corrective actions and due dates for high severity safety events,"Parker Donovan: Now we have actions where I'll give you a time frame that you have till a week from today to finish it. | Parker Donovan: I think that's effective, but at least we can start with, hey, your due date's X. | Brooks Sutton: our SOP for the highs are within several hours. | Brooks Sutton"
uncover unknown safety risks across shifts around the clock,1,1,MEDIUM,False,False,customer,uncover unknown safety risks across shifts around the clock,"Arielle Sterling: So our goal is to know what we don't know today. | Arielle Sterling: what is happening at 4 a.m.. at the plants when Courtney is asleep, right?"
foremen owned safety notifications with tuned thresholds,1,1,MEDIUM,False,False,customer,foremen owned safety notifications with tuned thresholds,Marin Madden: We want them getting notifications so they can address stuff right then and there. | Marin Madden: So we want them managing that. | Marin Madden: we want to set parameters for alerts at fairly high levels to start out. | Marin Madden: So they are not getting an overwhelming volume of m
around the clock monitoring with alerts for near misses,1,1,MEDIUM,False,False,mixed,around the clock monitoring with alerts for near misses,"Drew Sullivan: What we're not doing and what we see the benefit for this is that I... | Drew Sullivan: The whole time we're working. | Drew Sullivan: So the other software, I'm sure you guys are the same, it sends pings to cell phones or PCs and to the people we identify that needs them to react qui"
staff efficiency and mobile guidance,1,1,MEDIUM,False,False,customer,staff efficiency and mobile guidance,"Unknown: Voxel's mobile-friendly as well. So, you guys, a lot of our customers, Voxel kind of tells them where to go. | Unknown: our end users probably at most spending 15 to tens of minutes per day within the platform."
incident severity scoring and prioritization,1,1,MEDIUM,False,False,mixed,incident severity scoring and prioritization,"Payton Granger: Is there a way to kind of assign numbers to this, or is there, is that fraught with danger, severity? | Indigo Vaughn: There's stuff that we want to classify the severity that might, you know, distinguish, you know, your reaction or what needs to be taken in a course of action."
confined space entry and lone worker detection,1,1,MEDIUM,False,False,customer,confined space entry and lone worker detection,"Brennan Walker: we can go for the confined space if there are people there, one guy alone entering a confined space, fire, PPEs."
near miss reporting and shareable analytics,1,1,MEDIUM,False,False,mixed,near miss reporting and shareable analytics,"Indigo Vaughn: Near miss and hazard detection. | Wyatt Quincy: So which means whatever near miss is been recorded by the camera. | Wyatt Quincy: They'll have a report generated by the system. | Indigo Vaughn: So you can, again, you can export the share and you can edit this."
re scope cameras zones to manage alert volume and reduce false positives,1,1,MEDIUM,False,False,mixed,re scope cameras zones to manage alert volume and reduce false positives,"Vale Mercer: We re-scoped, got the total daily incidents down. | Eden Quill: If you have cameras that have moved or you have just a spike in trends, it could be a potential that the camera has moved. | Eden Quill: And now we need to re-scope."
open door duration tracking tied to ergonomics pressure during live unloads,1,1,MEDIUM,False,False,mixed,open door duration tracking tied to ergonomics pressure during live unloads,"Quinn Madden: it's also possible to turn on open door duration so that if you knew your turnaround time was, for example, no more than, say, under an hour, you wanted the truck to turn around in, you could start the open door duration so you'd have some line of sight to when it's there longer. | Ope"
increase camera coverage for monitoring and business case,1,1,MEDIUM,False,False,mixed,increase camera coverage for monitoring and business case,"Dylan Tatum: We don't have a closer camera right there, and that's what I was thinking about because, actually, the event's not even on camera. | Dylan Tatum: These cameras aggravate me sometimes with this motion detection because it only records whenever it detects motion. | Riley Winslow: making s"
pit safety monitoring no stops proximity seatbelts,1,1,MEDIUM,False,False,customer,pit safety monitoring no stops proximity seatbelts,"Jamie Valentine: And then the E is for equipment, because those are our least frequent but most severe injuries. | Jamie Valentine: Guarantee you can see that every day. | Jamie Valentine: Are you able to, you mentioned not wearing a seatbelt, right? Are you able to tell that as a flag?"
robot cell intrusion and safety interlock compliance monitoring,1,1,MEDIUM,False,False,customer,robot cell intrusion and safety interlock compliance monitoring,"Payton Granger: I install one camera to cover four robots so that anybody who goes near the robot when it's trying to do something can also, there's great videos of, you know, people getting killed as they approach a robot, which just swung around. | Payton Granger: having something that's kind of l"
racking structure impact detection and driver violation analysis,1,1,MEDIUM,False,False,mixed,racking structure impact detection and driver violation analysis,"Payton Granger: every upright in his warehouse is destroyed. so I'm to the point where I walk through and I'm like, you need to shut down this entire aisle, like you can't put product in this aisle because all of it is so damaged | Indigo Vaughn: You can do no PEDSA, no speeding, stopping, like, so "
retail shop safety monitoring tire inflation lifts blocking falling tires,1,1,MEDIUM,False,False,customer,retail shop safety monitoring tire inflation lifts blocking falling tires,"Jamie Flynn: We haven't had a very good year in the retail side of things at the stores. | Jamie Flynn: There's been several pretty serious injuries. | Jamie Flynn: We had a 20-year-old girl, blew a tire up while she was standing over it, threw her back about eight feet, cut her up across the front,"
heatmaps to locate ergonomic hotspots and adjust workflow,1,1,MEDIUM,False,False,mixed,heatmaps to locate ergonomic hotspots and adjust workflow,"Shawn Abbott: we have heat maps now embedded here. | Shawn Abbott: So this is sort of the, this is the hotspot right here. | Kendall Bennett: That's something we can look at as far as maybe they're loading too many in there. | Briar Langley: Yeah, it looks like it's going to be to overreach to set t"
uld handling pinch point risk detection,1,1,MEDIUM,False,False,customer,uld handling pinch point risk detection,"Alden Carver: ULD handling as far as, you know, pitch points and stuff like that is not something typically we can pick up with a camera."
working at heights incident coaching via actions,1,1,MEDIUM,False,False,customer,working at heights incident coaching via actions,"Taylor Carlisle: I think it was like the Working in Heights or whatever. | Taylor Carlisle: It's like I come to the party late to everything, it seems like, you know, like the thing with the, you know, above heights and things like that."
ai detection of leading safety risks from existing cameras,1,1,MEDIUM,False,False,mixed,ai detection of leading safety risks from existing cameras,"Lane Oakley: So what our whole purpose of the solution is to help help you keep your folks safe. | Lane Oakley: and then we apply our AI models to detect leading indicators of safety risk. | Lane Oakley: So we're looking for unsafe conditions, risky behaviors, and we're isolating that data, those vi"
streamlined safety workflows for leaders assign track share,1,1,MEDIUM,False,False,mixed,streamlined safety workflows for leaders assign track share,"Winter Noble: not making it too cumbersome for the leaders, because if it's a ton of work for them to enter data or track data, it just becomes a task. | Hollis Sawyer: You can collaborate. You can assign incidents to people. You can get a workflow fully enabled here... share that video clip with so"
prioritize actionable ergonomic alerts and reduce noise,1,1,MEDIUM,False,False,mixed,prioritize actionable ergonomic alerts and reduce noise,"Robin Oakley: So I'll get like, well, it's roughly probably 150 videos a day, right? | Robin Oakley: And say if 80 of them are ergo, probably one or two or something that I can do something about, right? | Robin Oakley: There may be other things I can do something about, but there's other limitation"
usage analytics to monitor and pinpoint adoption,1,1,MEDIUM,False,False,customer,usage analytics to monitor and pinpoint adoption,"Brooks Sutton: I really love the new page, the first page where I'm able to get all the data and the accurate of everybody who's been on. | Brooks Sutton: Being used and, you know, through the program, giving me all that data has been really helpful to really pinpoint with these managers."
facial recognition to identify individuals in footage,1,1,MEDIUM,False,False,customer,facial recognition to identify individuals in footage,"Unknown: are you now able to actually put a name onto, like, someone that we know, okay, if this, like, they could, AI can actually, like, know who that person is? Like facial ID? | Unknown: No, that's not part of our plans currently. | Unknown: we do have other kind of camera reviews for like mista"
near miss and property damage data for ap claims investigations,1,1,MEDIUM,False,False,customer,near miss and property damage data for ap claims investigations,"Jamie Valentine: Whether it's near miss or property damage, claims a lot of things that our AP partners are currently asking for. The near miss is the biggest one. We just, we only know what's been reported, right? And we don't have visibility to that. | Jamie Valentine: We have instant reviews afte"
prevent theft tampering of mobile camera units,1,1,MEDIUM,False,False,customer,prevent theft tampering of mobile camera units,"Lennon Sawyer: maybe think about maybe how they can help us with mobile units with but as how to secure it from... | Lane Donovan: Theft, because there are some people come and collect it. | Lane Donovan: this should be decided by our top management also, about the security of these cameras, how we "
housekeeping and material fall risk detection,1,1,MEDIUM,False,False,mixed,housekeeping and material fall risk detection,"Drew Emery: Like, would you guys be looking for, you know, things out of orders in pedestrian aisleways, things like that? | Skyler Gardner: So I would say housekeeping for sure, | Skyler Gardner: But the product, have it standing up. | Skyler Gardner: And so it's vertical. | Skyler Gardner: And so "
supervisor training and adoption support,1,1,MEDIUM,False,False,mixed,supervisor training and adoption support,"Kendall Keller: And directly train them. | Kendall Keller: So that they know exactly how to use Voxel, because I think something that typically customers see as a deterrent at first is they go in, they don't know what to look for, and they think, oh my God, the volume of events is so high. | Brooks "
maintenance window suppression no incident capture during scheduled work,1,1,MEDIUM,False,False,mixed,maintenance window suppression no incident capture during scheduled work,"Dylan Tatum: So their normal maintenance day is on Sundays. | Dylan Tatum: So we need to add that in to the, no incident capturing Sundays from. | Eden Quill: 6A to 6P. | Eden Quill: All right. I'll get that added in there."
charger parking duration telemetry,1,1,MEDIUM,False,False,mixed,charger parking duration telemetry,"Shawn Abbott: You still have the existing vehicle use cases over there, mean, anything around parking duration to see if they're, how long they're on the charger? | Ryan Archer: No, it's like, you know, they just arrive and they just jump on the lift and unplug and they go, you know."
no pedestrian zone monitoring e g conveyors rollers,1,1,MEDIUM,False,False,mixed,no pedestrian zone monitoring e g conveyors rollers,"Jamie Flynn: So when you get this set up, for instance, if we went with this type of deal, would we have to flag, like, the no pedestrian zones and, you know what I mean? | Dakota Kendrick: So in this case, they don't want anyone on the conveyor or the roller here, but it happens all the time becaus"
after hours dock door open alert lights off,1,1,MEDIUM,False,False,mixed,after hours dock door open alert lights off,"Eden Wilder: we want to fire an automatic alert if all lights go out in a building and a dock door is still open | Dakota Kendrick: So we can do open doors today. But we can add a separate rule that if the lights are turned off, for example, we can flag that."
cellphone distraction while walking,1,1,MEDIUM,False,False,mixed,cellphone distraction while walking,"Shawn Abbott: Employees looking at their phone and walking. | Ryan Archer: That would be the biggest thing. | Shawn Abbott: It's an area, a use case we're looking into."
forklift speed monitoring via camera based distance measurement,1,1,MEDIUM,False,False,mixed,forklift speed monitoring via camera based distance measurement,"Peyton Rowe: I know I was supposed to get distances so that we could track speed on some of those cameras, some of our equipment. | Shawn Abbott: So we had sent over, someone on my team sent over a deck with some of the areas we suspected would be good for speeding. | Peyton Rowe: It's asking which "
forklift and pedestrian intersection safety pit to person pit to pit no stops no ped zones,1,1,MEDIUM,False,False,mixed,forklift and pedestrian intersection safety pit to person pit to pit no stops no ped zones,"Kendall Keller: pit to pit, pit to person | Kendall Keller: In addition to that, no PED zone, obstructions, no stop at end of vial. | Keegan York: no stops are rising at a 20-30% trend at loading base seed. | Devon Sterling: I think that would be beneficial, especially like in forklift-type scenario"
powered industrial truck hazard detection,1,1,MEDIUM,False,False,mixed,powered industrial truck hazard detection,"Dakota Kendrick: What we're trying to figure out from our end is, and you've talked about pretty high level earlier, but the success metrics for a pilot, you called out a few like use cases around power industrial trucks, working at heights, things of that nature. | Alden Carver: And then there's ev"
incident alerting email sms,1,1,MEDIUM,False,False,mixed,incident alerting email sms,"Indigo Vaughn: So in real time, we're getting it down to under a minute, which is really great. | Indigo Vaughn: And you'll get those notifications via email and also within the system and then soon to be SMS. | Wyatt Quincy: Oh, that means whatever incident happened, like for example, if someone fa"
daily summary incident emails for safety review,1,1,MEDIUM,False,False,customer,daily summary incident emails for safety review,"Nico Blaine: I stopped getting Voxel notifications on August 21st. | Nico Blaine: Usually, I get a daily report. | Nico Blaine: Support showing incidents and findings. | Nico Blaine: I usually take a look at the Wednesday and Thursdays to see if anyone forgot to put their hat on or their vest, but I"
slip and fall prevention via spill detection and timely notifications,1,1,MEDIUM,False,False,mixed,slip and fall prevention via spill detection and timely notifications,"Sidney Sinclair: Oh man, what keeps me up at night is our slips and falls. | Sidney Sinclair: I want to say a large share of our incident costs and claims come from slips and falls. | Indigo Vaughn: So liquid spills, it will pull into, and this is going right into the platform, and it will notify yo"
no pedestrian zones in docks aisles,1,1,MEDIUM,False,False,customer,no pedestrian zones in docks aisles,Ryan Archer: So we don't want any foot traffic from the docks. | Ryan Archer: And there'll be a no-ped zone as well.
conveyor jam no obstruction detection and root cause review,1,1,MEDIUM,False,False,mixed,conveyor jam no obstruction detection and root cause review,"Indigo Vaughn: No obstruction zones, no blocking, like fire exits. You can do that on conveyor belts. | Indigo Vaughn: Whatever the duration you want to track, and then when it violates it for like 15, 30 seconds, you get flagged. | Payton Granger: once we have a jam eye, we have this trigger event "
powered equipment and vehicle safety monitoring in hdcs,1,1,MEDIUM,False,False,mixed,powered equipment and vehicle safety monitoring in hdcs,"Eden Wilder: And probably prioritize the ones that do have powered equipment, which is about half of them at this time. | Dakota Kendrick: from a safety perspective, as you know, like ergonomics, vehicle safety, PPE, area controls"
speeding analytics and compliance reporting,1,1,MEDIUM,False,False,mixed,speeding analytics and compliance reporting,"Evan Rivers: On the speeding, I'm kind of focusing on the speeding right now, to get an average speeding, I mean, an average speed captured by the system? | Evan Rivers: But at the same time, if I had the average for the day, then of just, not obviously, of just the speeding incidents, if I see that"
forklift safety monitoring no stops stacking collision prevention,1,1,MEDIUM,False,False,mixed,forklift safety monitoring no stops stacking collision prevention,"Lee Dempsey: I think it's all forklift activities. | Lee Dempsey: So they're loading these trucks with forklifts and just stacking pallets on either a flatbed or a big box truck. | Skyler Whitman: we had a no-stop at an intersection, and because of that no-stop, um- Bang. | Skyler Whitman: And then "
housekeeping hazard monitoring exits walkways debris,1,1,MEDIUM,False,False,mixed,housekeeping hazard monitoring exits walkways debris,"Gray Merritt: I think some of the common things that we would want to have this help is, just like you said, right, clutter, especially on emergency exits. | Frankie Valentine: Another thing that I said that I would see is probably overflowing of bins, dumping their trash or plastic, and then that c"
use actions workflow to manage corrective actions and track impact,1,1,MEDIUM,False,False,mixed,use actions workflow to manage corrective actions and track impact,"Kendall Keller: Now, since we spoke last, that has been rolled out fully to all of our customers. | Nell Alden: I have not been able to assign as many actions because I've been like, okay, what's the high risk today? | Kendall Keller: once you guys actually complete an action, the good part about th"
forklift pit safety proximity and collision monitoring to prevent struck by incidents,1,1,MEDIUM,False,False,mixed,forklift pit safety proximity and collision monitoring to prevent struck by incidents,"Indigo Vaughn: Then like forklifts. I don't know if you guys use forklift. That's another thing like pit to pit or pit to pet. Like how close are they coming into each other? The machinery, how close are they getting close to your workers? | Sidney Sinclair: the forklift incidents, when we do have t"
cross functional it vetting and stakeholder alignment for adoption,1,1,MEDIUM,False,False,mixed,cross functional it vetting and stakeholder alignment for adoption,"Riley Winslow: for them to potentially utilize Voxel, they had to make sure that, you know, their IT team was involved and what kind of questions their IT team asked and what does that process look like? | Cleo Corbett: as you guys are thinking about bringing in new solutions, who is in that room in"
encourage pop up conveyor use at 497 unload to reduce manual handling,1,1,MEDIUM,False,False,customer,encourage pop up conveyor use at 497 unload to reduce manual handling,"Nell Alden: But the 497 unload, we're still trying to get them to use the pop-up conveyor that we installed. | Nell Alden: But they're like, well, I haven't, I've done this for several years this way. Why would I change it?"
detect and reduce no stops rolling stops at stop signs pit vehicle intersections,1,1,MEDIUM,False,False,mixed,detect and reduce no stops rolling stops at stop signs pit vehicle intersections,"Morgan Hayes: So this is one of our areas that obviously is of most concern for many of our customers when it comes to vehicle safety and collision risk. | Morgan Hayes: And specifically with no stops here, you know, our system is designed to detect, you know, the full stop at these intersections. |"
year over year incident trend reporting and comparison,1,1,MEDIUM,False,False,customer,year over year incident trend reporting and comparison,"Unknown: see how we're trending in the different areas and see how there's some areas that we've seen notable improvements, some areas that we need to see improvement | Unknown: is there any way you can tell me from last year, this month, how much, like we have 47,000 right now, but how much we had "
slip trip and fall prevention with area controls,1,1,MEDIUM,False,False,mixed,slip trip and fall prevention with area controls,"Bailey Calloway: We've had falls in different situations like that, but, you know, but right now that's what we're really dealing with. | Hollis Sawyer: Here an individual stepping up on rollers, always a concern when you're standing on rollers for slip, trip, fall, sprained ankles."
role shift incident specific dashboards boards for operations,1,1,MEDIUM,False,False,mixed,role shift incident specific dashboards boards for operations,"Hollis Sawyer: let's get that up so that if Solomon does join the next one, we've got some boards to show them that are role-specific, shift-specific, incident-specific. | Hollis Sawyer: The boards are the personalized dashboards based on shift, based on incident type, based on camera. | Cameron Loc"
baseline and trend safety events before after to measure impact,1,1,MEDIUM,False,False,mixed,baseline and trend safety events before after to measure impact,"Harper Iverson: are you guys going to set this up in like a monitor thing where you're, before it actually goes live, where you can show the difference between the before and after? | Noel Monroe: we do strive to capture what it looked like when we started, and then, let's say, several months later "
safety program analytics and workflow management,1,1,MEDIUM,False,False,mixed,safety program analytics and workflow management,"Blake Sinclair: being able to map stuff out, being able to assign things to supervisors and stuff for actioning, just so far been a very helpful tool. | Hollis Sawyer: I've got a 50-60% increase in no stops. So why don't we drill into that for this morning's pre-coach? | Hollis Sawyer: But now the h"
ai governance and security compliance review,1,1,MEDIUM,False,False,customer,ai governance and security compliance review,"Stevie Yates: Like, I learned that we have an AI board now who review AI things. | Stevie Yates: we have basically a security and AI questionnaire. | Stevie Yates: And because it, it all, it all goes, I guess gets reviewed by them."
action management workflow with ownership cross shift follow up timelines and impact markers,1,1,MEDIUM,False,False,mixed,action management workflow with ownership cross shift follow up timelines and impact markers,"Jordan Briar: you kind of can assign it to one single person so they can do it rather than a group. | Jordan Briar: if someone's off, you know, the other ship members can take care of it. They see it, you know, they can follow by, follow through, follow up. | Jordan Briar: I like the create a timeli"
working at heights on ulds detection,1,1,MEDIUM,False,False,customer,working at heights on ulds detection,"Alden Carver: One of our big concerns is a lot of times these guys don't want to use ladders, right? | Alden Carver: So they just climb on top of these ULD, these unit load devices with all this cargo, and they throw cargo from the top down to the guys and eventually gets low enough and everybody op"
safety incident triage and supervisor assignment workflow,1,1,MEDIUM,False,False,mixed,safety incident triage and supervisor assignment workflow,"Blake Sinclair: It is a good tool for, especially. For Health & Safety type things, even just giving you visibility, being able to map stuff out, being able to assign things to supervisors and stuff for actioning, just so far been a very helpful tool. | Hollis Sawyer: it's a platform that allows you"
reduce manual video review workload,1,1,MEDIUM,False,False,customer,reduce manual video review workload,Elliot Calloway: It prevents you from having to go through a ton of video to find it.
fatigue monitoring inquiry not supported by voxel,1,1,MEDIUM,False,False,mixed,fatigue monitoring inquiry not supported by voxel,"Indigo Vaughn: Next one's fatigue monitoring. | Indigo Vaughn: We don't do fatigue monitoring. | Wyatt Quincy: So sometimes if the person's feeling fatigues and they still carry on with the job, they'll cause injuries to them as well."
lockout tagout loto compliance in robotic palletizing cells,1,1,MEDIUM,False,False,mixed,lockout tagout loto compliance in robotic palletizing cells,"Finley Tatum: That area, mean, that robotic palletizing area is of interest to me. | Riley Winslow: You know, if people are taking the right energy isolation protocols when they're entering into that space. | Arielle Sterling: So the nice piece, all of this, you won't have to do lotto, it's just the"
select scalable multi domain solutions within budget constraints,1,1,MEDIUM,False,False,customer,select scalable multi domain solutions within budget constraints,"Cleo Corbett: they're challenged on their budgetary spends, they're challenged on the solutions, the scalability of solutions that they're going after. | Cleo Corbett: is this a one-trick pony? Like, does Voxel just do X versus doing Y? | Cleo Corbett: Are the solutions you're looking at, are you no"
timing follow up around internal planning,1,1,MEDIUM,False,False,mixed,timing follow up around internal planning,Teagan Monroe: What would the site need from us for that next round of follow-up? | Teagan Monroe: We just need enough lead time to plan for it internally. | Shawn Abbott: We should try to line this up with your internal planning cycle. | Shawn Abbott: There would also be another follow-up shortly a
annotate videos to highlight safety concerns not auto detected,1,1,MEDIUM,False,False,customer,annotate videos to highlight safety concerns not auto detected,"Kelsey Parker: in videos, being able to use a pen to circle things, like to freeze a frame and circle things, because again, it's not always about what | Kelsey Parker: But the Voxel camera's picking up and highlighting, but it's other things that I'm seeing in the videos that I want to also call ou"
pit parking duration and dwell time analytics for operational flow,1,1,MEDIUM,False,False,mixed,pit parking duration and dwell time analytics for operational flow,"Alex Carver: We can also do parking duration. So like, should pits not be parked somewhere for any amount of time? | Riley Larkin: Operational flow, right? Dwell time, things like that."
restricted access behind registers and counters using rules uniforms,1,1,MEDIUM,False,False,customer,restricted access behind registers and counters using rules uniforms,"Unknown: registers? Nobody should be in the registers if you're not an employee, that kind of thing. Behind the counters. Would that be part of this, where you can set up just places and times maybe? | Unknown: So the rule that I would think about is like, if someone's not wearing an apron, this is "
coach against forks first forklift driving and pit pedestrian near misses using voxel clips,1,1,MEDIUM,False,False,customer,coach against forks first forklift driving and pit pedestrian near misses using voxel clips,Vale Mercer: And one of the things that we've tried pushing here lately has been people driving forks first. | Vale Mercer: Deanna knows a few months back we had an incident where a supervisor got hit by someone driving forks first. | Vale Mercer: And a video popped up on Voxel of an operator on a d
trailer detention and turnaround time tracking,1,1,MEDIUM,False,False,mixed,trailer detention and turnaround time tracking,"Eden Wilder: For us, our trailer detention time and turnaround time from the time that we get an inbound load to the time that our labor force is able to move on to the next task is kind of a critical method. | Dakota Kendrick: in terms of that trailer time and, like, that turnaround time, definitel"
working at height compliance and lifting falling object risks,1,1,MEDIUM,False,False,customer,working at height compliance and lifting falling object risks,"Brennan Walker: be careful there is man-machine interface, or people working tight without scaffolding, or no full body harness, or there is a fire, for example, that will support this guy | Brennan Walker: there are a lot of vests and hazards, falling objects, lifting, walking at height, many, many"
ergonomics monitoring at glenville dock,1,1,MEDIUM,False,False,customer,ergonomics monitoring at glenville dock,"Hayden Easton: Maybe some ergo back there for the, yeah, the Glenville dock, I believe that got adjusted."
dock and high collision area safety monitoring,1,1,MEDIUM,False,False,mixed,dock and high collision area safety monitoring,"Alex Carver: For you guys, it's been a lot of, especially if we're only going to do 20 in a larger facility, I would say it's going to be mainly your dock areas. | Shawn Finch: And, you know, Metro Site is like, you're probably better off looking at your dock and maybe your high collision potential "
operations analytics congestion and repeated task measurement,1,1,MEDIUM,False,False,mixed,operations analytics congestion and repeated task measurement,"Shiloh Dover: how frequently are operators stopped because of congestion, right? Is there a way to tally something as simple as that? How often does an operator have to repeat a task? | Hollis Sawyer: looking for us to come to the table with some ideas on some material handling best practices and op"
monthly reporting data export to support internal shift level reporting,1,1,MEDIUM,False,False,mixed,monthly reporting data export to support internal shift level reporting,"Kendall Keller: Oh, and thanks again for that report. | Taylor Carlisle: I really appreciate that. I use that in the tracking because like our, some of the other sites like. | Taylor Carlisle: So it's kind of like I have to, you know, so I have a sheet that I just plug that into and it kind of like,"
pedestrian no go zone monitoring temporarily disabled during contractor work,1,1,MEDIUM,False,False,mixed,pedestrian no go zone monitoring temporarily disabled during contractor work,Operations Conference Room 2: should we remove the pedestrian zone activity at the moment? | Shawn Abbott: So go ahead and remove them now. We can always add them back in post-December. | Operations Conference Room 2: So we'll just remove all zone instances from training camera. Historically.
respirator ppe compliance in paint areas,1,1,MEDIUM,False,False,customer,respirator ppe compliance in paint areas,"Drew Sullivan: We have some areas like what we call our paint pensions where we go in and out, where we want to start reminding folks to use the respirators when they should going in."
four pin walk around pin unlock detection with alerts,1,1,MEDIUM,False,False,mixed,four pin walk around pin unlock detection with alerts,"Cameron Locke: And it's the importance of having those pins, what would you say, pins unlocked for the successful lift up of a container. | Cameron Locke: So that's the biggest thing is the safety of the movement of these 60,000 plus pound containers throughout the port. | Cameron Locke: So it's not"
centralized safety monitoring and dispatch,1,1,MEDIUM,False,False,customer,centralized safety monitoring and dispatch,"Brennan Walker: When we are putting these cameras, these cameras will support us how we're going to put operators in the project control center or safety control centers. | Brennan Walker: Those people will support the safety officer in case they detect any unsafe conditions or behavior. | Brennan W"
ergonomic risk detection for pallet handling and overexertions,1,1,MEDIUM,False,False,customer,ergonomic risk detection for pallet handling and overexertions,"Jamie Valentine: Half of our injuries are overexertions, effectively. | Jamie Valentine: there's a proper way to pick up pallets and set them down in? | Jamie Valentine: they just take that pallet and kind of chuck it, right? | Jamie Valentine: Would you effectively record the safe way of doing it, "
use actions workflow for coaching and to measure impact on incidents,1,1,MEDIUM,False,False,mixed,use actions workflow for coaching and to measure impact on incidents,"Hollis Bishop: we have our supervisors night and morning. assign them. | Hollis Bishop: Coaching and, you know, pretty much do what we can. | Hollis Bishop: If we see any issues, it normally comes up as like a little fire emoji on it. | Kendall Keller: when you guys actually complete an action now, "
monthly safety meeting content using voxel clips,1,1,MEDIUM,False,False,mixed,monthly safety meeting content using voxel clips,"Blake Sinclair: If there, if it was possible to shoot us some, like you did last time, we had a PowerPoint presentation with a couple examples kind of built into it, just something very brief, you know, four or several instances, but just things, you know, a couple that call out of good, like kudos "
track and find completed in progress actions across wilmington,1,1,MEDIUM,False,False,customer,track and find completed in progress actions across wilmington,"Taylor Carlisle: So, up until recently, we could actually search for resolves. | Taylor Carlisle: So is there still a way to do that or? | Taylor Carlisle: But my question is, how do I find these ones that I've, you know what I mean? | Taylor Carlisle: I usually am looking at, like, the overall, lik"
monitor no pedestrian zones and hotspots,1,1,MEDIUM,False,False,mixed,monitor no pedestrian zones and hotspots,"Eden Quill: I mean, the thing that stands out is that, you know, the no-ped zone. | Eden Quill: Y'all have, in the last about a month, a little over 41,000. | Kit Peyton: Yeah, and we know our big areas is between our assembly cells and then over in tempering. | Kit Peyton: So, yeah, it is capturing"
near miss risk identification,1,1,MEDIUM,False,False,customer,near miss risk identification,"Palmer York: priority one is identifying ergonomic risk, near miss risk, and then vehicle risk and some compliance."
use voxel videos in training and explore lms cornerstone integration,1,1,MEDIUM,False,False,customer,use voxel videos in training and explore lms cornerstone integration,"Unknown: We use a learning management system called Cornerstone. Can this be tied into Cornerstone so we can keep track of training whenever we assign training? Is that a possibility? | Unknown: New decks or presentations, they have like videos from Voxel, they use that for new employee training. | "
reduce safety incidents and claims using ai video analytics,1,1,MEDIUM,False,False,mixed,reduce safety incidents and claims using ai video analytics,"Charlie Kingsley: Here's what we have seen in terms of customers reducing claims. | Charlie Kingsley: And if we can reduce even a small number of claims on average, that can support the value case for a broader deployment model. | Charlie Kingsley: Action, turning it into meaningful action, and real"
identity resolution for incident investigations facial recognition request,1,1,MEDIUM,False,False,customer,identity resolution for incident investigations facial recognition request,"Bellamy Warren: Is your software capable of, I guess, doing AI facial recognition? | Bellamy Warren: I'm finding the infraction perfectly. I'm just not finding the person perfectly. | Bellamy Warren: Like, who's the guy with the white hat or the blue hat? And I'm just there for half hour trying to f"
no pedestrian zone and pit to person proximity around barrier pole outfeed battery area,1,1,MEDIUM,False,False,mixed,no pedestrian zone and pit to person proximity around barrier pole outfeed battery area,"Jordan Briar: What I was talking about, Casey, was trying to put a camera by either door 28C, the outfeed pallets, and or the right in front of the battery changers for the poll and stuff. | Jordan Briar: We an uptick of people going into a certain area and hitting a kind of a barrier pole. | Jordan"
eliminate 517 warehouse blind spot to capture ppe violations,1,1,MEDIUM,False,False,customer,eliminate 517 warehouse blind spot to capture ppe violations,"Morgan Marlowe: I found a blind spot in the 517 warehouse, but I didn't know how to let you know where it is and if we have cameras there. | Morgan Marlowe: this lady kept walking past me with no vest on, and I'm like, wait a minute, I'm not getting any indication. | Morgan Marlowe: And that whole a"
pit to pedestrian proximity and walkway enforcement,1,1,MEDIUM,False,False,mixed,pit to pedestrian proximity and walkway enforcement,"Gray Merritt: Do you have any videos that sort of help, you know, to see when people are close or head to a pit? | Drew Emery: boom, this guy is within three feet of a moving forklift underneath that suspended object. He, once he gets too close, that red line is going to flash red and you're going t"
safety analytics dashboards and heatmaps for leading indicators,1,1,MEDIUM,False,False,mixed,safety analytics dashboards and heatmaps for leading indicators,"Hollis Sawyer: What we do at Voxel, we flip that on here, we turn safety and safety management into a proactive effort. | Ari Foster: I really liked some of the hot spots and some of the stuff you can go back and analyze when it when it happened, how it happened, | Avery Jensen: I really like that h"
deploy voxel safety computer vision at distribution centers,1,1,MEDIUM,False,False,customer,deploy voxel safety computer vision at distribution centers,"Jensen Ellison: Yeah, his guidance was to continue on with Voxel, like as we're going to go with you guys, you know, for the safety. | Jensen Ellison: But, no, I hope that we can move forward with safety. | Jensen Ellison: It exists. | Jensen Ellison: Let's just get it going. | Jensen Ellison: There"
restricted hazard working at heights zone intrusion alerts,1,1,MEDIUM,False,False,mixed,restricted hazard working at heights zone intrusion alerts,"Indigo Vaughn: can Voxel detect unauthorized personnel in a restricted hazards area? | Indigo Vaughn: But we can, we can use like notepad zone or working at heights so we can use that. | Wyatt Quincy: we have a certain work and hide areas that requires only the authorized personnel to do it or else "
forklift safety and vehicle movement in confined areas,1,1,MEDIUM,False,False,customer,forklift safety and vehicle movement in confined areas,"Drew Sullivan: So in the facilities, what we're calling severe incident factors type incidents, we're looking at moving vehicles. | Drew Sullivan: So it's forklifts. | Drew Sullivan: But the big ones are the forklifts moving around inside the buildings and outside when we're hauling some of the stuf"
alerts digests and assignment workflows,1,1,MEDIUM,False,False,customer,alerts digests and assignment workflows,"Jamie Valentine: Are you able to auto-trigger, like, based on our rules, like, follow-ups? | Jamie Valentine: we want to keep our leaders focused on the operation and making things safe and not sitting behind the computer all day. And so any ways that we would be able to trigger alerts, kind of conc"
unwrapped pallet shrink wrap tails kigtails detection in racks,1,1,MEDIUM,False,False,mixed,unwrapped pallet shrink wrap tails kigtails detection in racks,"Hayden Wilder: Just as an example, in our racks, the equipment operators that leave circumstances in those racks that are less than ideal, unwrapped pallets of rotors, things like that. | Hayden Wilder: Does this technology identify circumstance as well as behavior? | Rowan Weston: here's an area of"
ai risk monitoring deployment across sites,1,1,MEDIUM,False,False,customer,ai risk monitoring deployment across sites,"Ashton Beckett: And then there's this project, which is, you know, the AI risk monitoring. | Ashton Beckett: Because that's what we're kind of, we're looking for a partner, not just, you know, a cool new toy at one site that we can show off to leadership, right? | Ashton Beckett: If this expands bey"
after hours restricted area monitoring time based no ped zones,1,1,MEDIUM,False,False,mixed,after hours restricted area monitoring time based no ped zones,"Alex Carver: So, but maybe there's times super late at night, like, hey, no one in the back of the facility should be back there, right? | Riley Larkin: From like midnight to 6 a.m.. | Alex Carver: We can do things around like things like that. | Alex Carver: So you guys can be notified if, you know"
merchandising analytics dwell end cap engagement,1,1,MEDIUM,False,False,customer,merchandising analytics dwell end cap engagement,"Dakota Pierce: what areas of the store are being congregated the most. | Dakota Pierce: Where are our shoppers spending the most time when they're in a store location, right? | Noel Dalton: if I set this end cap that had all this merchandise, tracking the sales of that, tracking how many people are "
restricted area and egress asset obstruction monitoring,1,1,MEDIUM,False,False,customer,restricted area and egress asset obstruction monitoring,"Jamie Valentine: Rochelle, this would be like 10 policy violations in a matter of 5 seconds. | Jamie Valentine: There's definitely some things that we have a number of programs that this kind of almost is a solve for, right?"
daily safety incident digest and assignment workflow,1,1,MEDIUM,False,False,customer,daily safety incident digest and assignment workflow,"Blake Sinclair: So what I've started doing is going through every morning because I get an email that gives me like a breakdown, I go through it and I assign some. | Blake Sinclair: So like if I see it's an issue, then I assign it."
advance notification of platform ui changes,1,1,MEDIUM,False,False,mixed,advance notification of platform ui changes,"Taylor Carlisle: Like, it makes me a little uncomfortable that I keep finding out about things like after it happens, you know what I mean? | Taylor Carlisle: maybe, you know, you could let me know a little bit ahead of time. | Taylor Carlisle: let my boss know because like, you know what I mean? | "
ergonomics risk identification via heat maps and repetition analysis,1,1,MEDIUM,False,False,mixed,ergonomics risk identification via heat maps and repetition analysis,"Dakota Kendrick: whereas ergonomics, like it's the nature of the job, there might be some improper lifting happening, and it's hard to, it's hard to change that, especially in your industry, with your, with, with furniture and things of that nature, | Dakota Kendrick: It's still good with the tune, "
build business case and drive cultural retention benefits with voxel,1,1,MEDIUM,False,False,customer,build business case and drive cultural retention benefits with voxel,"Unknown: I'm just transparently asking just because, obviously, one part of it is helping you guys build out a business case, too. | Unknown: there's ROI in multiple aspects of it from an operational standpoint, from just a culture standpoint in general. | Unknown: I think there's definitely ways fo"
role based boards and dashboard customization for mods,1,1,MEDIUM,False,False,mixed,role based boards and dashboard customization for mods,"Alden Carver: I'm pretty sure, you know, if we request a certain type of dashboard, you guys could deliver it. | Riley Winslow: we do that through a functionality within the platform with multiple dashboards, but the one that I think the MODs are going to interface with most is going to be called wh"
training content efficiency using bookmarked clips,1,1,MEDIUM,False,False,customer,training content efficiency using bookmarked clips,Unknown: A lot of our customers will use this in their toolbox talks or even trainings. | Unknown: They'll bookmark specific clips that will allow them to just pull them up quickly and coach them through trainings.
aisle obstruction monitoring,1,1,MEDIUM,False,False,customer,aisle obstruction monitoring,Unknown: What's obstruction? | Unknown: That's like pallets and aisles.
truck going off dock detection,1,1,MEDIUM,False,False,mixed,truck going off dock detection,"Shawn Abbott: trucks going off docks. | Oakley Winslow: I said, for trucks going off the dock."
compliance monitoring blocked exits and extinguishers,1,1,MEDIUM,False,False,customer,compliance monitoring blocked exits and extinguishers,"Dakota Pierce: Blocked Exits, Blocked Fire Extinguishers, those kind of things are also a good potential for us to focus on as well. | Kai Bishop: Obstructed Emergency Exits, if Federal Safety Bureau walks in, that's a huge fine."
lower workers comp premiums by demonstrating improved risk,1,1,MEDIUM,False,False,customer,lower workers comp premiums by demonstrating improved risk,"Delaney Reagan: For you, Harper, or even the guys at Willis, would this help drive, this type of system help drive a lower premium in the future as well, integrating this technology? | Reese Truitt: Well, I think the hope is that, yeah, you know, your losses improve, and as you become a better risk,"
detect pit pedestrian proximity pit pit interactions ppe compliance and spills,1,1,MEDIUM,False,False,mixed,detect pit pedestrian proximity pit pit interactions ppe compliance and spills,"Kendall Keller: It looks like a lot of what we're capturing is person-to-pit, pit-to-pit, and PPE. | Kendall Keller: So, safety vests. | Hollis Bishop: So we'll do the, you know, just the, you know, person pit proximity, safety vest. | Hollis Bishop: Of course, pit to pit, spill."
business case support for internal stakeholders,1,1,MEDIUM,False,False,mixed,business case support for internal stakeholders,Taylor Nash: We can put together some internal analysis to support that conversation using your historical data. | Alex Carver: We usually turn that historical performance into something leadership can review without getting too deep into assumptions. | Kai Fletcher: They want to hear it from somebo
daily summary email delivery and notifications,1,1,MEDIUM,False,False,mixed,daily summary email delivery and notifications,"Nico Blaine: I stopped getting Voxel notifications on August 21st. | Nico Blaine: Usually, I get a daily report. | Nico Blaine: Support showing incidents and findings. | Alex Carver: Oh, and we'll follow up on the emails, the Daily Summer emails, Alex."
monitor progress and impact of pilots program changes,1,1,MEDIUM,False,False,customer,monitor progress and impact of pilots program changes,"Jamie Valentine: So, you had any clients that, you know, they have a distribution center, their teams are trying to roll out a... A new pilot, whether it's a procedure, program, PPE, et cetera, and they've used Voxel as a means to monitor the progress of that pilot as it's, you know, running."
executive all sites dashboard with custom date ranges for weekly leadership reporting,1,1,MEDIUM,False,False,customer,executive all sites dashboard with custom date ranges for weekly leadership reporting,"Kelsey Parker: be able to put in specific time frame and not just look at like the last about a week or the last about a month or the last month, but to be able to specifically look at, I want to see Wednesday to Saturday or something, you know, is specific. | Kelsey Parker: I want to look at a week"
weekly trend reporting and executive corporate views,1,1,MEDIUM,False,False,mixed,weekly trend reporting and executive corporate views,"Remy Turner: is there a way to look at it from a, you more corporate view to see what we're seeing? | Remy Turner: if it could be almost like segmented by week to say what happened this past week... to say, this is the things that I can review with our team... almost like a weekly dashboard of some "
coaching workshop and coaching using blurred videos and voxel insights,1,1,MEDIUM,False,False,mixed,coaching workshop and coaching using blurred videos and voxel insights,"Shawn Abbott: the data introduced in Coaching Workshop. I mean, this is this is the best practice that we've seen. | Operations Conference Room 2: once we look, because I don't think we looked at the new blurring, we're going to go back to them and say, is this blurred enough to be able to share wit"
open dock door duration monitoring and threshold tuning,1,1,MEDIUM,False,False,mixed,open dock door duration monitoring and threshold tuning,"Blake Sinclair: I have a question regarding the doors open. | Blake Sinclair: example, we are working on door number four, and it's now we are going continuously into that door because we have some freight which comes in and it takes maybe 15, tens of minutes or half an hour, but we still have to ke"
shrink reduction via service alerts in high risk aisles,1,1,MEDIUM,False,False,customer,shrink reduction via service alerts in high risk aisles,"Noel Dalton: I just simply would want to know when someone picks that up and walked away with it. | Noel Dalton: this item was removed from that particular shelf, and that's tied into the Voxel system, and then tied to an audio to the radios that lets the team member know that something was moved fr"
video footage retrieval,1,1,MEDIUM,False,False,customer,video footage retrieval,"Cassidy Keaton: I do do a little bit of footage retrieval, but for the most part, more so technical manager of the system."
validate detection accuracy precision and false positive negative thresholds in dense production cells,1,1,MEDIUM,False,False,customer,validate detection accuracy precision and false positive negative thresholds in dense production cells,"Palmer York: the identification of an issue and how accurate that identification is. | Palmer York: So if we get, you know, hundreds of instances, are 100 of them false, how are they validated, some of that kind of stuff. | Palmer York: put it in an area that's fairly condensed. | Palmer York: are t"
automate camera monitoring to save staff time,1,1,MEDIUM,False,False,mixed,automate camera monitoring to save staff time,"Kieran Ashford: So instead of having, we don't have a, I'll call it dedicated person that looks at camera footage, but we have a lot of people that just stare at it and waste a bunch of time. | Kieran Ashford: So I was proactively trying to, I guess, save some of that time. | Charlie Kingsley: Like,"
reduce safety losses incidents,1,1,MEDIUM,False,False,customer,reduce safety losses incidents,"Reese Truitt: Well, I think the hope is that, yeah, you know, your losses improve, and as you become a better risk, yeah, your premiums will be lowered. | Reese Truitt: overall, if your losses are steadily getting better, then, you know, your premium will be favorable. | Reese Truitt: it certainly s"
camera based alternative complement to forklift telematics,1,1,MEDIUM,False,False,mixed,camera based alternative complement to forklift telematics,"Skyler Gardner: So we're actively in the process of a big transition for our forklifts company-wide, and we're doing a big deal with Toyota to replace all of our lifts. | Skyler Gardner: I learned that supposedly there is a telematics aspect to that deal. | Drew Emery: Like, we're not in competition"
monitoring across dispersed facilities,1,1,MEDIUM,False,False,mixed,monitoring across dispersed facilities,"Lane Donovan: we don't have a closed site. We are working in the desert, you know, it's already, like, under the, like, for 100 kilometers and more. | Lennon Sawyer: The construction moves forward, so the cameras will have to be on a mobile unit with a portable setup in place. | Reese Dalton: whethe"
monitor and prioritize pit pedestrian proximity risks by area and severity,1,1,MEDIUM,False,False,mixed,monitor and prioritize pit pedestrian proximity risks by area and severity,"Operations Conference Room 1: Forklift-to-Person Failure. | Operations Conference Room 1: What is most important in rivet press? What is most important in rivet press? Is it the forklift getting close to the person, or is it over bending, improper bend, or is it over reaching? | Riley Winslow: And y"
working at heights fall protection monitoring cherry pickers,1,1,MEDIUM,False,False,mixed,working at heights fall protection monitoring cherry pickers,"Kendall Keller: Working at Heights, I know that is something that we did recently enable for you guys. | Jordan Briar: From what I see, no, because a lot of them are capturing the people on the cherry picker, and they're, what do you call it? | Jordan Briar: They're attached to the truck. | Jordan B"
collision impact detection on yellow posts,1,1,MEDIUM,False,False,customer,collision impact detection on yellow posts,Ryan Archer: One of the things that we do find is the folk of ours do hit those yellow posts quite a bit.
pit and pedestrian proximity near miss detection,1,1,MEDIUM,False,False,mixed,pit and pedestrian proximity near miss detection,"Emerson Keaton: I was very impressed with the near misses that we we we had. That was something like, you know, the machines were which were going too close and if the people were too close to the machines. | Hollis Sawyer: Vehicle safety, we'll drill into that quite a bit. But that is, Ellis, to yo"
cost sensitive vendor evaluation incl falcon peak vision,1,1,MEDIUM,False,False,customer,cost sensitive vendor evaluation incl falcon peak vision,"Stevie Yates: And to be completely honest with you, I'm evaluating other companies as well, just to make sure we're on the right track. | Stevie Yates: And I guess my biggest concern right now with Voxel is the cost. | Stevie Yates: While I like what you have, y'all are, you're a lot higher than som"
zone and shift based alert routing in remote areas,1,1,MEDIUM,False,False,mixed,zone and shift based alert routing in remote areas,"Morgan Hayes: In Zone A, we can make sure that we're sending alerts to just those leaders in that area at that time. | Brennan Walker: I think the best thing would be some tool that gives the safety officer a message with the relevant context. | Brennan Walker: But what came to mind is what happens "
reduce chipotle dry dock congestion by splitting shifts,1,1,MEDIUM,False,False,customer,reduce chipotle dry dock congestion by splitting shifts,"Hollis Bishop: we're working on some, alleviate some of the congestions that we have in Chipotle dry dock. | Hollis Bishop: that is something that I'm pretty much running the numbers on, splitting the shifts. | Hollis Bishop: So when that happens, it will be a lot less pallets on that stage."
no pedestrian zones and shortcut hazard control,1,1,MEDIUM,False,False,mixed,no pedestrian zones and shortcut hazard control,"Adrian Morrow: And then, of course, the shortcuts, where the guys want to jump the table instead of taking the long way around, making it a hazard | Taylor Nash: So what we can do is basically set a no pedestrian zone. | Taylor Nash: there's a zone that you don't want them to be, you can spark an in"
detect unsafe pallet behaviors to reduce ankle injuries,1,1,MEDIUM,False,False,mixed,detect unsafe pallet behaviors to reduce ankle injuries,"Jamie Flynn: Well, right now, there was a big uptick, like I said, in the ankles to the point where they were almost going to start requiring boots. | Jamie Flynn: So most of our stuff is shoulders, ankles, you know, lots of rolled ankles when you're walking on pallets and stuff like that. | Jamie F"
facility security monitoring with cctv,1,1,MEDIUM,False,False,customer,facility security monitoring with cctv,"Arden Rutherford: New facility, security cameras are going in, and they're going to be used for, like, security."
caught in hazards at presses and conveyors,1,1,MEDIUM,False,False,customer,caught in hazards at presses and conveyors,"Drew Sullivan: And typically in fairly confined areas with the manufacturing plants, we're looking at a lot of presses and conveyors and things that we're concerned with getting caught between and getting hands in or body parts in. | Drew Sullivan: We have an additional going over the conveyors. | D"
stop sign stop line compliance zones,1,1,MEDIUM,False,False,mixed,stop sign stop line compliance zones,"Peyton Rowe: Okay, so now what I need to do is capture where we need to have the stops. | Shawn Abbott: So if you want to take a look at the camera views and just let me know which ones we need stops on, we can go ahead and get those added as well. | Peyton Rowe: So on camera 13, it looks like you h"
detect prohibited e bikes e scooters indoors to mitigate lithium battery fire risk,1,1,MEDIUM,False,False,mixed,detect prohibited e bikes e scooters indoors to mitigate lithium battery fire risk,"Sidney Sinclair: One of the things that we just put in the place that I'm sorry is a policy against e-bikes and e-scooters in the building. So that's something the platform can pick up like, hey, there's an e-bike in the back room or this person storing an e-bike in the store. | Indigo Vaughn: Well,"
spill detection and liquid hazard monitoring processing oil room note outdoor limitations,1,1,MEDIUM,False,False,mixed,spill detection and liquid hazard monitoring processing oil room note outdoor limitations,Indigo Vaughn: Do we want to track spills as well? Is that something we want to keep an eye on them for? | Arielle Sterling: Definitely in processing. | Arielle Sterling: the oil room would be lifting spills for sure. | Arielle Sterling: right here for the team is where all the bulk oil unloading oc
shop displays and gamified safety goals,1,1,MEDIUM,False,False,mixed,shop displays and gamified safety goals,"Marin Madden: I'd eventually like to start installing some monitors around the shop where we're sharing that information in real time, too. | Marin Madden: we've talked in the past about gamifying things and things like that. | Rowan Rowe: Here's a goal we want to set. | Rowan Rowe: And if we meet t"
pit to pit proximity and one machine per lane policy,1,1,MEDIUM,False,False,mixed,pit to pit proximity and one machine per lane policy,"Dakota Kendrick: pit to pit. Seems like it's actually going in the right direction, that's good, | Dakota Kendrick: I know that one of the main concerns was also two pits in the same aisle, | Dakota Kendrick: so it was a no-stop, and then there was a pit-to-pit proximity, but this is what they didn'"
contract renewal language clarification,1,1,MEDIUM,False,False,mixed,contract renewal language clarification,Teagan Monroe: I want to confirm what our obligations are under the current contract timing. | Shawn Abbott: My understanding is that written notice after the upcoming renewal point could affect a later period. | Shawn Abbott: So written notice could still be submitted shortly after that renewal tim
change impact markers after lowering rack at headliners,1,1,MEDIUM,False,False,mixed,change impact markers after lowering rack at headliners,"Briar Langley: We lowered a rack at Headliners on the 21st of March. | Briar Langley: And so we've already seen a pretty big reduction there, but I was wondering if we could get a marker thrown in. | Briar Langley: Maybe all of them, just because some of that may, the change in the racks may actuall"
spill detection and timely cleanup alerts,1,1,MEDIUM,False,False,mixed,spill detection and timely cleanup alerts,"Drew Emery: maybe you guys are painting something within the facility and paint spills. Well, I want to be alerted if the paint is sitting on the ground for more than a few minutes and no one's cleaning it up. We're going to be able to alert you in real time that that happened. | Arden Rutherford: s"
machine pinch point and safety device circumvention detection,1,1,MEDIUM,False,False,customer,machine pinch point and safety device circumvention detection,"Adrian Morrow: we're looking for pinch points, people putting their hands in places or circumventing safety items"
standardize monitored incident types across sites,1,1,MEDIUM,False,False,customer,standardize monitored incident types across sites,"Remy Turner: we really haven't got together to, I guess, narrow the scope on what are the core risks that we want to focus on. | Remy Turner: get on the same page so that we understand what each site is at least collecting. Or, I should say, observing and then collecting information on those risks t"
lockout tagout and machine guarding hazard zone monitoring no pedestrian zones,1,1,MEDIUM,False,False,mixed,lockout tagout and machine guarding hazard zone monitoring no pedestrian zones,"Dylan Tatum: Yeah, but it's a matter of lockout, tagout procedures, that's right, that's right. | Dylan Tatum: Violated machine guarding, went behind a guard, with part of the machine still running. | Jules Blaine: Those are areas of opportunity for our company to develop in terms of lockout, tagout"
pedestrian entry monitoring in restricted area,1,1,MEDIUM,False,False,customer,pedestrian entry monitoring in restricted area,"Perry Everett: Inside these barriers here. | Perry Everett: As an area where, like, there's no pedestrian access there, so that would be the only thing you monitor, plus, I mean, maybe that fence that, that's Australian Border Force over that fence, so it's very unlikely somebody's going to come ove"
conversational ai overlay for customs platform,1,1,MEDIUM,False,False,customer,conversational ai overlay for customs platform,Logan Thayer: And then we're also looking at developing like almost like a conversational AI overlay. | Logan Thayer: to our existing platform that they have for custom services.
show overdue upcoming actions and allow due date edits,1,1,MEDIUM,False,False,customer,show overdue upcoming actions and allow due date edits,Operations Conference Room 1: if i have something that is past due i like to one sometimes uh the project takes longer than what it was assigned to be so i like to edit that date or at least be able to edit that day and send it back to the person that assigned it to me and say hey do you agree with 
monitor freezer roll up door open duration to prevent black ice,1,1,MEDIUM,False,False,customer,monitor freezer roll up door open duration to prevent black ice,"Hollis Bishop: So we currently have a, you know, a certain issue with one of our roll-up doors. | Hollis Bishop: So, just the blower with it in the freezer is basically, it's causing a lot of black ice, right? | Hollis Bishop: So they can, you know, kind of take a look at the open door duration on t"
unsafe forklift load handling split forking bulldozing high loads,1,1,MEDIUM,False,False,mixed,unsafe forklift load handling split forking bulldozing high loads,"Sloane Collins: the PIVs and the amount of containers that they're moving at any given time, whether they're split forking or, you know, excessively high may be another angle to look at. | Parker Donovan: you're going to see bulldozing, and the reason that's why I want to use the dock, and maybe you"
no pedestrian zone and after hours presence monitoring for lp security,1,1,MEDIUM,False,False,customer,no pedestrian zone and after hours presence monitoring for lp security,"Unknown: No pedestrian zone. This could be used for safety or security. | Unknown: From a safety perspective here, you're going to see this area right here where the rollers are, and they don't want anyone in the roller area. | Unknown: Think about your loading docks, your back of buildings, some of"
skeleton overlay on action videos to aid review,1,1,MEDIUM,False,False,customer,skeleton overlay on action videos to aid review,"Operations Conference Room 1: I actually want to thank you for finally adding the skeleton on the action videos or the assign action videos. | Operations Conference Room 1: So when I get assignments and I don't see the skeleton, I get lost."
prioritize ergonomics hotspots and mitigate with engineering controls,1,1,MEDIUM,False,False,customer,prioritize ergonomics hotspots and mitigate with engineering controls,"Operations Conference Room 1: And this, the purpose of this is that I got so many projects going on with the improper bend that I'm trying to resolve them. | Operations Conference Room 1: If I had this screen a couple of hours ago, it's literally a couple of hours ago, I went with my fab team where "
product condition and dwell time detection,1,1,MEDIUM,False,False,mixed,product condition and dwell time detection,"Riley Winslow: You know, when it comes to tracking product damage or exploring camera-based monitoring in this area, one example is detecting when a product is out of spec or left where it should not be for too long. | Riley Winslow: Yeah, and claim-focused, right? | Max Conrad: If you're finding so"
trash returns processing late status alert,1,1,MEDIUM,False,False,customer,trash returns processing late status alert,"Eden Wilder: for our trash or returns processing, we want to send an alert or some sort of a summary, or have it show up on a dashboard if something still shows at 12 a.m.."
obstruction detection in walk paths and drive lanes,1,1,MEDIUM,False,False,customer,obstruction detection in walk paths and drive lanes,"Bellamy Warren: Again, as far as reviewing for me, I feel more that I'm going to the no stop at end of the stop signs, the obstructions, and also the no pedestrian zone."
open cooler freezer door monitoring for energy product protection,1,1,MEDIUM,False,False,customer,open cooler freezer door monitoring for energy product protection,"Unknown: And lastly, can do things around, like, open doors. We've launched this in Brian's facility at AmeriCold in Modesto way back when to help with, like, making sure freezer doors weren't being left open. | Unknown: say this was a walk-in cooler and the doors were left open, that would be somet"
pit parking duration monitoring at inbound docks,1,1,MEDIUM,False,False,mixed,pit parking duration monitoring at inbound docks,"Nico Blaine: So, the parking duration, Rob, popped up recently that we haven't seen and it was during the working time. | Alex Carver: I can tell the idea was dock levelers. We don't want damaging the dock levelers. | Alex Carver: Our rule is set up for 60 seconds. | Quinn Tobin: Maybe set for tens "
no pedestrian zones enforcement inside warehouse,1,1,MEDIUM,False,False,mixed,no pedestrian zones enforcement inside warehouse,"Shawn Abbott: Yeah, so, we could do, you know, on certain things, like no pedestrian zones, this is where I was getting into, like, that area controls | Bellamy Warren: Just to reiterate on my side, on the bookmarks, I've been mostly checking up on the no stop at and the vials and the no pedestrian "
monitor improper pit parking duration at central crossway and enforce policy,1,1,MEDIUM,False,False,mixed,monitor improper pit parking duration at central crossway and enforce policy,"Kendall Keller: The one area I wanted to highlight with you was parking duration, because that saw a pretty sharp increase this past month. | Kendall Keller: And it looks like, you know, far and away, the central crossway is the top offender. | Hollis Bishop: No, they're not supposed to. | Hollis Bi"
ehs management software adoption,1,1,MEDIUM,False,False,customer,ehs management software adoption,Unknown: It sounds like a lot of the stuff we had on hold that would have been ancillary and not necessarily productivity-related is going to be back on the table. | Unknown: So I had been on hold for an EHS management software.
near miss capture to support pre shift coaching and daily safety huddles,1,1,MEDIUM,False,False,mixed,near miss capture to support pre shift coaching and daily safety huddles,Ari Foster: we've really ramped up doing them on a daily basis with our warehouse group where each morning we do a daily safety huddle. | Hollis Sawyer: nobody's going to report anything here because nobody saw anything. | Hollis Sawyer: So we almost had a broken ankle or potential worse than that i
assign and track safety follow ups with actions,1,1,MEDIUM,False,False,mixed,assign and track safety follow ups with actions,Shawn Abbott: I wanted to walk you guys through this new Actions workflow that we released. | Shawn Abbott: let's just put sort of revisit process for loading totes. | Shawn Abbott: I could add you as a subscriber. | Shawn Abbott: I could put a due date here. | Kendall Bennett: So when I click on th
detect safety glasses ppe presence,1,1,MEDIUM,False,False,mixed,detect safety glasses ppe presence,"Kit Peyton: We wanted to ask, does the system, could the system check for glasses? | Kit Peyton: No, you're like safety glasses? | Kit Peyton: I know it probably wouldn't, yeah, wouldn't differ, it wouldn't, I know it'd be hard for it to tell whether prescription or safety glasses, but just glasses "
distracted operation cell phone use detection and coaching,1,1,MEDIUM,False,False,mixed,distracted operation cell phone use detection and coaching,"Dakota Kendrick: I know we highlighted a video that someone was using their cell phone, like, not stopping at the end of the line. | Jesse Sloane: that person, yeah, we had a one-on-one, definitely, about that one."
intersection and end of aisle stop compliance,1,1,MEDIUM,False,False,mixed,intersection and end of aisle stop compliance,"Hollis Sawyer: Let's draw the zones for no stop and end of aisle. | Sloane Collins: They should be stopping, slowing, honking their horns."
early issue detection for downtime prevention,1,1,MEDIUM,False,False,customer,early issue detection for downtime prevention,Tristan Locke: They can identify where different rollers are behaving a bit differently than expected. | Tristan Locke: Early detection for downtime events.
broaden platform engagement via role based access and targeted boards,1,1,MEDIUM,False,False,mixed,broaden platform engagement via role based access and targeted boards,"Hollis Sawyer: We've got six, eight, ten people with login that can come in, can make an observation, can give a positive comment, can maybe provide some insights on what they're seeing. | Eden Quill: We now have a contributor role where they're only seeing what you guys want them to see. | Eden Qui"
address pit parking duration impacting aisle flow at central crossway,1,1,MEDIUM,False,False,mixed,address pit parking duration impacting aisle flow at central crossway,"Kendall Keller: The one area I wanted to highlight with you was parking duration, because that saw a pretty sharp increase this past month. | Kendall Keller: And it looks like, you know, far and away, the central crossway is the top offender. | Hollis Bishop: No, they're not supposed to. | Hollis Bi"
data driven targeting of safety observations using heat maps and time of day trends,1,1,MEDIUM,False,False,mixed,data driven targeting of safety observations using heat maps and time of day trends,"Quinn Madden: the beauty of a heat map is rather than having to watch video from this entire area, the heat map is actually interactive when you're in the platform, which means you'll see little red dots that allow you to click into that hot spot. | Charlie Kingsley: maybe I go spend some time on th"
evaluate value using claims and injury trends,1,1,MEDIUM,False,False,mixed,evaluate value using claims and injury trends,"Sage Abbott: That was one of the things that Doug wanted to get a better handle on. | Sage Abbott: an average work comp claim is about REDACTED to REDACTED. | Sage Abbott: And if we were to prevent a few injuries, at least with Plant City, it pays for itself | Hollis Sawyer: on average, REDACTED per"
longer term commercial options,1,1,MEDIUM,False,False,mixed,longer term commercial options,Teagan Monroe: Leadership is putting a lot more pressure on us to show clear value for anything we buy right now. | Shawn Abbott: We have a few ideas that could make the arrangement easier for the team to manage. | Shawn Abbott: We also talked about a longer-duration option with adjusted terms and a
loading dock driver confinement monitoring,1,1,MEDIUM,False,False,customer,loading dock driver confinement monitoring,Alden Carver: we're trying really hard to get the drivers of these trucks to cooperate and stand in one area and not venture off or wander off. And it's been an issue. So if we could kind of almost pick up those alerts.
forklift seatbelt compliance,1,1,MEDIUM,False,False,mixed,forklift seatbelt compliance,"Alden Carver: like seatbelt compliance. I know that was a difficult one for them to be able to do, so we kind of just put it in a side bucket until a later time. | Shawn Abbott: like seat belts, driving with obstructive views, those are a few that are super prominent use cases we hear from customers"
clarify workflow for rejected assigned actions and reassignment,1,1,MEDIUM,False,False,customer,clarify workflow for rejected assigned actions and reassignment,"Operations Conference Room 1: And the supervisor rejected it to me because he says, yeah, that employee is not mine. | Operations Conference Room 1: But I don't know what happens if somebody rejects my assigned action."
re scope cameras to monitor the right risks and repurpose low yield cameras,1,1,MEDIUM,False,False,customer,re scope cameras to monitor the right risks and repurpose low yield cameras,"Robin Oakley: we were wanting to re-scope a few of the cameras to check for different things in different locations and maybe repurpose another camera because our Lionsdale mill doesn't get a lot of hits on Voxel, and we're trying to figure out a better way to see."
forklift driving behavior compliance speed and restricted areas,1,1,MEDIUM,False,False,customer,forklift driving behavior compliance speed and restricted areas,Jules Harlow: there's lots of low-hanging fruit out there in terms of speed and pedestrian interaction and vehicles in places they shouldn't be and how we control some things like that
surfacing of near misses to address underreporting,1,1,MEDIUM,False,False,mixed,surfacing of near misses to address underreporting,"Lee Dempsey: we are tracking all these incidents, near misses, observations, security events, | Lee Dempsey: Yeah, that would just, it's all based on someone reporting it. | Lee Dempsey: But yeah, that it is all dependent on someone actually making that submission. | Lee Dempsey: I'm sure there's to"
reduce aisle obstacles obstructions based on voxel alerts,1,1,MEDIUM,False,False,customer,reduce aisle obstacles obstructions based on voxel alerts,"Nell Alden: we kept saying, hey, we're getting dinged for obstacles and obstructions. | Nell Alden: We stopped putting racks there. | Nell Alden: I'm like, yes, but now we've to do it on West Prime as well."
forklift and pedestrian safety in very narrow aisle vna racking,1,1,MEDIUM,False,False,mixed,forklift and pedestrian safety in very narrow aisle vna racking,"Kai Fletcher: So essentially, a third to maybe a half of our warehouse, we might be converting into very narrow aisle racking systems, which is going to have to increase those cameras. | Kai Fletcher: we're going to probably change a little bit of our risk area from the manual handling to the forkli"
ai video analytics to gain visibility and reduce injuries,1,1,MEDIUM,False,False,mixed,ai video analytics to gain visibility and reduce injuries,"Stevie Yates: Right now, it's just our safety performance in general. | Stevie Yates: We've had more recordable injuries in my group, none of them that crazy or that severe, but it's just been a huge distraction for everybody. | Jules Blaine: But, you know, I do think there's a place for Voxel to he"
api and bi integration for leading lagging metrics,1,1,MEDIUM,False,False,customer,api and bi integration for leading lagging metrics,Operations Conference Room 2: another really exciting thing is broader API access ... how do we supplement or enhance what is going into an external risk system with our data? | Operations Conference Room 2: possibly having APIs from both systems and using a reporting layer that lets you see proacti
door open duration policy enforcement electrical and dock doors,1,1,MEDIUM,False,False,mixed,door open duration policy enforcement electrical and dock doors,"Shawn Abbott: Anything around like open door duration that we want to track here? | Ryan Archer: It's just an electrical door. | Ryan Archer: So we shouldn't have it open. | Marlowe Vaughn: Technically, they're not supposed to leave the doors open unless they're loading or unloading. | Marlowe Vaugh"
forklift driving direction with obstructed view,1,1,MEDIUM,False,False,mixed,forklift driving direction with obstructed view,"Ryan Archer: Like one of the things is, you know, are the 4K drivers driving backwards when they have tracks in front that might block their view? | Shawn Abbott: Let's just get that added."
iot devices for the general supply chain,1,1,MEDIUM,False,False,customer,iot devices for the general supply chain,"Logan Thayer: We're looking at IoT devices for, yeah, for the general supply chain too."
forklifts entering dock on red light,1,1,MEDIUM,False,False,mixed,forklifts entering dock on red light,"Ryan Archer: Is there any way you could move that zone to cover that light on the dock, the dock light? | Ryan Archer: Because I want to see if forklifts are entering the docks when it's red. | Shawn Abbott: So can't exactly do that today, but I'm trying to think."
conveyor congestion detection for operational efficiency,1,1,MEDIUM,False,False,mixed,conveyor congestion detection for operational efficiency,"Operations Conference Room 2: Is there anything where you guys can see where boxes are starting to back up and build a, like, start to build up in a certain line? | Quinn Madden: To sum that up, there is definitely an operational-efficiency opportunity in addition to the safety piece if material sta"
unauthorized access security breach detection with alerts,1,1,MEDIUM,False,False,mixed,unauthorized access security breach detection with alerts,"Indigo Vaughn: give me a little bit more information about what you're trying to do from the theft side, right? | Wyatt Quincy: can we detect real-time alerts? Like, for example, if any, if any, how to say, any employees or any third party... He is trying to access to our buildings without any appro"
responsive customer support and troubleshooting,1,1,MEDIUM,False,False,customer,responsive customer support and troubleshooting,"Alden Carver: Ridge Stack Industrial, and I'm sure you kind of noticed it from the IT setup, we are as lean as lean can be, right? | Alden Carver: So a big help to us is just that customer support and being able to reach somebody to answer our questions and troubleshoot just because we're all trying"
alerting and intervention on at risk behaviors,1,1,MEDIUM,False,False,customer,alerting and intervention on at risk behaviors,"Alden Carver: And then we're going to need the individuals that are going to intervene with the identification of the at-risk behavior. | Alden Carver: So it'll be a blend, and I will allow the general managers at the facilities to decide who needs to be in the system and receive the alerts in order"
forklift pit behavior monitoring speeding stops proximity during peak loading,1,1,MEDIUM,False,False,mixed,forklift pit behavior monitoring speeding stops proximity during peak loading,"Jamie Flynn: Because come 3 o'clock in the afternoon is when they start loading trailers, and that's when everybody kind of condenses down and starts putting things away real quick. | Jamie Flynn: And for about a couple of hours out of the day, it's almost ridiculous the forklift traffic that's goin"
restore dashboard deep links in daily incident email,1,1,MEDIUM,False,False,mixed,restore dashboard deep links in daily incident email,"Casey Carlisle: So one, how he was entering to the dashboard was with an email that was sent with the numbers of the incidents. | Casey Carlisle: So he used to just to click there and he was like a link to the dashboard. | Casey Carlisle: That's not possible in the new dashboard report that is being"
executive reporting for expansion decision,1,1,MEDIUM,False,False,mixed,executive reporting for expansion decision,Blake Finch: And I'm putting a presentation together for our executive team. | Blake Finch: To decide if we want to spread this to other plants or not. | Kendall Keller: we do have the opportunity to hold what's called a more regular business review with customers. And typically what I bring to thos
employee vs customer distinction via uniform for safety accountability,1,1,MEDIUM,False,False,customer,employee vs customer distinction via uniform for safety accountability,"Unknown: How would you distinguish between employees and customers? | Unknown: All employees working on the sales floor would be wearing the same art apron, right? Would that be enough to distinguish? | Unknown: Let's say there was a spill on the floor and employees walking by it, right, not doing a"
safety performance benchmarking and goal tracking,2,1,LOW,True,False,voxel,safety performance benchmarking and goal tracking,Kendall Keller: we are working toward more formal benchmarking capabilities so you can set goals and compare your trends against them over time.
early fire related issue detection in mills,2,1,LOW,True,False,mixed,early fire related issue detection in mills,"Frankie Ellison: I believe the first use case we discussed was monitoring to detect early signs of a fire-related issue. | Tristan Locke: That type of detection was the key thing I went searching for. | Tristan Locke: Oak Motive Solutions lost REDACTED dollars in that fire and we probably lost a, yo"
safety tallying and follow up workflow tracking repeat offenders situations,2,1,LOW,True,False,customer,safety tallying and follow up workflow tracking repeat offenders situations,"Campbell Kingsley: Voxel does exactly what we're asking it to do, which is just to keep a tally. | Campbell Kingsley: With that tally, we can then react accordingly, discipline accordingly, coach accordingly, whatever the situation may be. | Campbell Kingsley: maybe sharing a spreadsheet where we ta"
track intervention impact with platform markers,2,1,LOW,True,False,voxel,track intervention impact with platform markers,"Eden Quill: One of the things that we have been asking, and that we need to make sure that we are on top of, is we can add a marker. | Eden Quill: So when they actually put in training, or if there is something that they are doing on the floor, we can add a marker. | Eden Quill: And that way we can "
enterprise safety analytics and summary view,2,1,LOW,True,False,voxel,enterprise safety analytics and summary view,"Alex Carver: what we're pulling to the forefront for you guys is that enterprise visibility into how often, when, and where those things are happening. | Alex Carver: for someone like you that oversees multiple facilities, as you go from one to many with Voxel, we have a summary view where all those"
driver exoneration using video evidence after a crash,2,1,LOW,True,False,customer,driver exoneration using video evidence after a crash,"Jordan Merritt: They called us and they're like, hey, we need to get some vintage. | Jordan Merritt: We're so happy that we have Beacon Ridge Telematics. They was actually able to exonerate their driver right on the scene. | Jordan Merritt: It had nothing to do with the driver. was the other driver "
detect equipment set on dock plates,2,1,LOW,True,False,customer,detect equipment set on dock plates,"Hayden Easton: And then, like, if they're setting a machine on the dock plates itself, I would like that covered."
obstruction detection standardization across sites,2,1,LOW,True,False,voxel,obstruction detection standardization across sites,"Alex Carver: So consistency from use case deployment, right? | Alex Carver: If we do an obstruction, obstructions are going to be across the board this long, right?"
safety analytics and interactive reporting across shops,2,1,LOW,True,False,customer,safety analytics and interactive reporting across shops,"Arden Rutherford: interactive reporting if we want our foreman to get those, or we just want to keep it in the HSC department and then ease into that at an earlier date | Arden Rutherford: We have a reporting process as well as an inspection process and an observation. We use a system called HammerT"
assign and track safety actions with role based access,2,1,LOW,True,False,mixed,assign and track safety actions with role based access,"Jamie Flynn: I can take the video and send it to Bill and say, hey, this is what you guys are doing right now. | Dakota Kendrick: It gets an email with this video gets sent to Bill. | Dakota Kendrick: So you can add whoever you want to, to have access to this and not everyone has to be able to see e"
enterprise scale rollout across dcs and storefronts,2,1,LOW,True,False,voxel,enterprise scale rollout across dcs and storefronts,Riley Winslow: we've seen customers that have moved beyond their initial pilot site or sites and have actually blown Voxel out across their entire organization. | Riley Winslow: One recent example was a customer that expanded from an initial pilot to a broader multi-site rollout. | Riley Winslow: An
continuous ai safety coverage vs human observation,2,1,LOW,True,False,mixed,continuous ai safety coverage vs human observation,"Tristan Locke: hey, I know if we hired 10 safety people, they all would be in the wrong place when an incident occurred, like they would all be at the other end of the mill checking on different things. | Tristan Locke: safety professionals can't be all in one place at the same time, around the cloc"
accountable coaching and training via actions tied to incident clips,2,1,LOW,True,False,mixed,accountable coaching and training via actions tied to incident clips,"Shawn Abbott: Do you have any like behavioral-based safety programs in place today that you used, you know, the Voxel clips for sort of servicing the examples for coaching opportunities? | Devon Sterling: But it could support it in that regard, you know, just doing like refresher and retraining type"
augment lean store teams with observations alerts,2,1,LOW,True,False,mixed,augment lean store teams with observations alerts,"Darcy Kendrick: stores run with less and less team members, so how can we bring in, how can we assist our team members that maybe we don't have to hire that part-time, extra full-time person? | Dakota Pierce: what we can't do is put something out there that's going to add a lot of workload | Riley W"
trailer pull away detection at docks,2,1,LOW,True,False,voxel,trailer pull away detection at docks,"Riley Winslow: You know, one thing that I was thinking about, too, and this is probably a little bit more safety than operations, but like, you know, trailer pull-aways as well. | Riley Winslow: You know, that's a more complex computer vision problem, certainly has a safety and an operational compon"
area controls restricted zones and product placement policies,2,1,LOW,True,False,voxel,area controls restricted zones and product placement policies,Alex Carver: I would say things like area controls. | Alex Carver: So like should product never be left somewhere? Should someone never be somewhere for any amount of time?
yard gate driver behavior logging for carrier compliance,2,1,LOW,True,False,customer,yard gate driver behavior logging for carrier compliance,"Ellis Emery: we do have drivers that tend to run through here and try to rush it, which has caused damage to it. | Ellis Emery: I mean, that might be an area where it wouldn't be bad to have that logged. | Ellis Emery: So we want to identify these trucking companies and notify them, hey, you know, y"
drone based remote inspection and auditing,2,1,LOW,True,False,customer,drone based remote inspection and auditing,"Brennan Walker: What about if we do have drones? If we do have drones, can you integrate the system to these drones? | Brennan Walker: it's a good idea that even from here, if we want to do like a tour or something and make sure that everything in place, I audit my team, I inspect if they're doing t"
equipment issue monitoring,2,1,LOW,True,False,mixed,equipment issue monitoring,"Jules Blaine: On the other side, Matt mentioned recurring equipment issues and that there is a meaningful operational use case there because some parts have to be replaced repeatedly. | Tristan Locke: They set up extra monitoring there, and it helps them see when parts may need attention before it b"
safety incident reporting and trend analysis,2,1,LOW,True,False,voxel,safety incident reporting and trend analysis,"Kendall Keller: And the time range defaults to the last full month, so in this case, November 1st to the 22nd. | Kendall Keller: Who's creating these actions? How many did they create? You know, how quickly do they complete them? The average completion time will be listed. | Kendall Keller: Incidenc"
safety analytics and training effectiveness tracking,1,1,LOW,False,False,voxel,safety analytics and training effectiveness tracking,"Skyler Whitman: So this is just a dashboard for you to get a really good pulse check of where all of your sites are, | Skyler Whitman: you can actually look here, and you can see some of these trends, so on a, you know, daily basis, weekly basis, you could actually look at. | Skyler Whitman: Also, i"
report subscriptions and exports pdf csv ppt for stakeholder sharing,1,1,LOW,False,False,voxel,report subscriptions and exports pdf csv ppt for stakeholder sharing,"Keegan York: we also have options like subscriptions. So being able to say, hey, I want a weekly download of this information sent to my inbox. | Keegan York: the ability to export not only. Like a PDF format of this, but also the raw data | Keegan York: we're looking at three formats. The first bei"
no ped zone training and compliance,1,1,LOW,False,False,voxel,no ped zone training and compliance,"Kendall Keller: For this example, that action was been, that action was completed and it's a train, retrain team on no PED zone requirements."
cold storage door monitoring for energy savings,1,1,LOW,False,False,voxel,cold storage door monitoring for energy savings,"Hollis Sawyer: tremendous use cases in cold storage, not only for safety, but energy consumption, open doors, condensation, ice falling on the floor, slip-trip fall hazard. | Hollis Sawyer: I saved hundreds of thousands of dollars in energy just by noticing that there was a door that was two feet op"
vehicle idling monitoring ports,1,1,LOW,False,False,voxel,vehicle idling monitoring ports,"Indigo Vaughn: No speeding, no idling, suspended load when they're moving those, you know, those large boxes."
operational efficiency insights from video analytics,1,1,LOW,False,False,voxel,operational efficiency insights from video analytics,Hollis Sawyer: Why are we moving around this entire bay when what he's going after is a moderate distance away? We've got some efficiency gains that we can collaborate on here...
injury reduction and value target,1,1,LOW,False,False,voxel,injury reduction and value target,"Alex Carver: North Hub had hundreds of injuries last year. | Alex Carver: Federal Safety Bureau came and sat at their site for several months. | Alex Carver: Their average injury was REDACTED. | Alex Carver: But if we say it's REDACTED per injury, if we slash North Hub by 30-45%, that pays for the w"
pit to pit proximity and congestion detection,1,1,LOW,False,False,voxel,pit to pit proximity and congestion detection,"Alex Carver: basically, guys, we have four pits trying to go through the same door. Doink, they actually hit each other. | Alex Carver: Creating a circular travel pattern. Guess what happened overnight? Their pit-to-pit triggers from Voxel fell off a cliff."
working at heights climbing racks detection,1,1,LOW,False,False,voxel,working at heights climbing racks detection,Riley Winslow: Another one that we did that you would be able to take advantage of out of the gate would be working at heights. | Riley Winslow: So people climbing up and into those racks
machine shutdown use case safety,2,1,LOW,True,False,voxel,machine shutdown use case operations | machine shutdown use case safety,"Jules Blaine: A machine shutdown workflow is one example of an area we may explore. | Jules Blaine: But at the end of the day, the operation really has to buy into the solution to make it work. | Jules Blaine: And so we've really found some key use cases for the operation that has really got their i"
gamify adoption and safety behaviors,2,1,LOW,True,False,mixed,gamify adoption and safety behaviors | gamify safety performance to drive adoption and outcomes,"Hollis Sawyer: From a gamification, I know that's one of the things that we've often done is, you know, you may have some incentives. | Hollis Sawyer: Hey, you know, for each shift that may not be applicable, but doesn't have any stop signs that are blown. | Sage Abbott: Yeah, I'm sure that there's "
security monitoring use cases yard internal,1,1,LOW,False,False,voxel,security monitoring use cases yard internal,"Hollis Sawyer: Their special project, enhancing and building out some use cases that are slanted more to the security side of the house, safety, and so I would love to get kind of your take on what would be important from a security perspective, whether it's yard, internal, whatever, but I got to ge"
use heatmaps and claims data to target and validate impact,2,1,LOW,True,False,mixed,use heatmaps and claims data to target and validate impact | use heatmaps and claims data to target injury reductions,"Hollis Sawyer: I know I can go into the dashboard today and see a heat map on overreaches in a certain area and say there's a hot spot. | Hollis Sawyer: And so if we're seeing. | Hollis Sawyer: Getting some injuries or claims around shoulder injuries or strains or repetitive motion, I think we can c"
boards for targeted safety monitoring and trend detection,2,1,LOW,True,False,mixed,boards for targeted monitoring and trend detection | boards for targeted safety monitoring and trend detection,"Alex Carver: So basically boards is like a sub-site within a site. | Alex Carver: So you can base a board based off of camera and or use case and or user and or time frame. | Alex Carver: Second shift, these a few cameras put together based off these use cases, and only my second shift supervisors c"
assign and track follow ups with actions,1,1,LOW,False,False,voxel,assign and track follow ups with actions,Shawn Abbott: I wanted to walk you guys through this new Actions workflow that we released. | Shawn Abbott: let's just put sort of revisit process for loading totes. | Shawn Abbott: I could add you as a subscriber. | Shawn Abbott: I could put a due date here. | Shawn Abbott: and then you can mark it
pit use compliance for material movement,1,1,LOW,False,False,voxel,pit use compliance for material movement,"Parker Donovan: Please use your pit when you're moving things, right?"
gamify safety compliance to reduce no stops,1,1,LOW,False,False,voxel,gamify safety compliance to reduce no stops,"Alex Carver: Also, too, I've seen a lot of our customers gamify it, right? | Alex Carver: Whoever is the first one to get zero in a week gets a pizza party. | Alex Carver: With Voxel, you can very easily track, right, the first shift to get zero in a week, right? | Quinn Madden: the first thing we s"
working at heights without harness detection,1,1,LOW,False,False,voxel,working at heights without harness detection,Alex Carver: Are folks working at heights without a safety harness?
no pedestrian zones and area controls rollers spills,1,1,LOW,False,False,voxel,no pedestrian zones and area controls rollers spills,"Hollis Sawyer: We've got area controls. We'll touch on these a little bit. Maybe some liquid spills, open door durations, no pedestrian zones, | Hollis Sawyer: I can draw a zone that says nobody should ever get up on a roll... we've got the individual coming up here, jumping up on top of those rolle"
shift based dashboards and gamification,2,1,LOW,True,False,mixed,shift based dashboards and gamification | shift segmented safety dashboards and gamification,"Briar Langley: Do you guys have any more progress on kind of breaking up a dashboard by shift? | Shawn Abbott: So would you want something initially, just three boards with all of the events, all of the cameras for each shift? | Shawn Abbott: we can include shifts, and this is a way to segment the d"
operational efficiency identification,1,1,LOW,False,False,voxel,operational efficiency identification,"Skyler Whitman: Like, we are helping a lot of customers uncover operational efficiencies. | Skyler Whitman: You know, being able to kind of look at some of these clips and say, wow, there's a better way for us to be doing this. | Skyler Whitman: You know, we actually could save time and we could all"
back of store obstruction fire exit clearance and no idling no parking monitoring,1,1,LOW,False,False,voxel,back of store obstruction fire exit clearance and no idling no parking monitoring,"Indigo Vaughn: This is like outside. So this is actually at a port. But just like you talked about, cameras facing at parking lots, we can do this at the back of the stores as well. People do like no pad or no idling. So to make sure like no cars are standing there, no trucks are standing there for "
optimize pallet stack heights and segregate pallet types to reduce overreach risk,2,1,LOW,True,False,mixed,optimize pallet stack heights and segregate pallet types to improve productivity | optimize pallet stack heights and segregate pallet types to reduce overreach risk,"Micah Gentry: Can't we move our pallet stacks from 18 tall down to 8 tall, you know, whatever that number is. | Hollis Sawyer: So are there the easy wins like, hey, let's segregate CHEP pallets from pine pallets or white pallets? | Hollis Sawyer: So here we've got, that's almost seven feet high. | M"
define and enforce site specific safety rules no pedestrian parking zones with alerts,1,1,LOW,False,False,voxel,define and enforce site specific safety rules no pedestrian parking zones with alerts,"Sawyer Turner: Live scoping is actually drawing the rules on the camera itself. | Sawyer Turner: So saying, hey, this area is going to be a no pedestrian zone, area is going to be a no parking zone. | Sawyer Turner: So, for example, we would sit down with your safety team and say, hey, we don't want"
sensitive inventory monitoring pilot,1,1,LOW,False,False,voxel,sensitive inventory monitoring pilot,"Lane Oakley: We're going to do a pilot. | Lane Oakley: The timing is still being worked through. | Lane Oakley: of what that will entail, but they had a very specific maintenance need, and we are exploring ways to support it. | Lane Oakley: So we put together an early concept to review last week, an"
in dashboard risk heat mapping and traffic management planning,1,1,LOW,False,False,voxel,in dashboard risk heat mapping and traffic management planning,"Riley Winslow: Launched in-dashboard heat mapping. | Riley Winslow: you can go to a camera view and you can view like a radar for risk for that camera view. | Riley Winslow: Like, you know, you can do that for pretty much any of the use cases. | Riley Winslow: It also works really well to support li"
trial validation of detection and workflow integration,1,1,LOW,False,False,voxel,trial validation of detection and workflow integration,"Noel Monroe: It does, Voxel actually pick up the things that we say we're going to, so detection capabilities. | Noel Monroe: the trends and just getting the data in there, the interoperability with the platform, right? Making sure you like the way it works and that it fits with your workflow. | Noe"
identify unsafe dock behaviors walking backwards stepping over forks and drive toolbox talks start of shift coaching,1,1,LOW,False,False,voxel,identify unsafe dock behaviors walking backwards stepping over forks and drive toolbox talks start of shift coaching,"Parker Donovan: So Canton, just so you know, everybody does this until it's observed, and there's a toolbox talk or a start of shift, so I don't want you to feel like you're being picked on, but let's go through the motion, and I saw it last night. | Parker Donovan: Individual right here in the blue"
reduce injury and liability costs via targeted interventions,2,1,LOW,True,False,voxel,reduce injury and liability costs via targeted interventions | reduce injury and liability costs via targeted safety interventions,Indigo Vaughn: One of the lower-hanging opportunities is reducing injury and liability costs. | Indigo Vaughn: we look at their historical incident data to understand the main drivers. | Indigo Vaughn: we create a summary presentation showing the main opportunity areas and the kinds of improvements 
no idling no standing enforcement in parking and no traffic areas,1,1,LOW,False,False,voxel,no idling no standing enforcement in parking and no traffic areas,"Indigo Vaughn: Again, reiterating that we're not a security platform first, but people have used that to do, like, no idling or where people, like, it says, like, people can't just stand there and wait. | Indigo Vaughn: Like, so they do that for, like, parking lots or no traffic areas."
security monitoring license plate recognition and restricted hours alerts,1,1,LOW,False,False,voxel,security monitoring license plate recognition and restricted hours alerts,"Skyler Whitman: You know, let's say that, you know, you have an employee, they're no longer, you with the company, we can also do recognition on license plates, so that, you know, immediately you're getting a ping, hey, you know, this license plate is coming back into the facility, or in the proximi"
food safety and controlled environment compliance monitoring,1,1,LOW,False,False,voxel,food safety and controlled environment compliance monitoring,"Indigo Vaughn: They want to track food safety items like beard nets, hair nets, PPE, and door-open durations in sensitive areas."
per user language localization to spanish,1,1,LOW,False,False,voxel,per user language localization to spanish,"Shawn Abbott: Tamara, if you can hear us, on the last meeting, we mentioned the translation to Spanish. | Shawn Abbott: That is now officially live. | Shawn Abbott: For the rest of the team here, if anyone else wants Voxel to be displayed in any other language, Spanish included, you know, we recentl"
per camera heatmap drill down by incident type for analysis,2,1,LOW,True,False,customer,per camera heatmap drill down by incident type for analysis | per camera heatmap drill down by incident type for safety prioritization,"Operations Conference Room 1: It gives me date, but it doesn't give me what it is, right? | Operations Conference Room 1: when I click on Riddick Press Camera, I wanted to see, maybe I'm asking for too much, but I want to see how many are improper bend, how many are overreaching, and how many are, |"
cross site safety incident trend monitoring and leaderboards,1,1,LOW,False,False,voxel,cross site safety incident trend monitoring and leaderboards,"Keegan York: you'll see your pit-to-pit proximity events, you'll see total events in that trend, a bit more of like a visual on how you're trending on that. | Keegan York: who has the largest positive trend, so who is seeing the most decrease, who has the largest negative trend, so who has the most "
cold storage door condensation ice monitoring safety and energy,1,1,LOW,False,False,voxel,cold storage door condensation ice monitoring safety and energy,"Hollis Sawyer: tremendous use cases in cold storage, not only for safety, but energy consumption, open doors, condensation, ice falling on the floor, slip-trip fall hazard. | Hollis Sawyer: I saved hundreds of thousands of dollars in energy just by noticing that there was a door that was two feet op"
enterprise program governance and reporting,1,1,LOW,False,False,voxel,enterprise program governance and reporting,"Shawn Abbott: I think the next about a month, just the clear priority is going to be, you know, program management establishment, and then technical validation and technical go-live, essentially. | Shawn Abbott: But I think what's going to be imperative doing something at this size and scale is putt"
housekeeping and egress obstruction monitoring,1,1,LOW,False,False,voxel,housekeeping and egress obstruction monitoring,"Riley Winslow: Like maybe you have goods that are placed in the wrong area, like you don't want to choke off a pedestrian pathway or a powered industrial truck pathway, or maybe somebody leaves a pallet in the middle of one of your drive aisles, and that's all time adjustable, you know. | Riley Wins"
actions coaching to impact safety event counts,1,1,LOW,False,False,voxel,actions coaching to impact safety event counts,Kendall Keller: So what I'd like to do is get folks on a call because we have an entirely new coaching platform embedded within Voxel called Actions. | Kendall Keller: It also puts markers in your data when you complete coaching actions to show what the after effect is on your overall event count.
working at heights detection monitoring in supply chain,1,1,LOW,False,False,voxel,working at heights detection monitoring in supply chain,"Riley Winslow: So now we've launched Working at Heights. | Riley Winslow: So I could do a whole piece around Working at Heights. | Riley Winslow: We've had some success within the supply chain there. | Riley Winslow: Not necessarily retail supply chain, but supply chain around Working at Heights."
api feed updates integration,1,1,LOW,False,False,voxel,api feed updates integration,"Kendall Keller: In addition to that, we're updating some other API feeds."
retail front of store monitoring,1,1,LOW,False,False,voxel,retail front of store monitoring,Gray Ashford: We're exploring front-of-store retail use cases to help with liability issues. | Gray Ashford: Think broadly about what can go wrong in customer areas and the compliance issues that come with it.
aisle obstruction and pallet buildup monitoring to improve pallet flow,2,1,LOW,True,False,customer,aisle obstruction and pallet buildup monitoring and remediation | aisle obstruction and pallet buildup monitoring to improve pallet flow,"Casey Quincy: that also shows a buildup of palettes there, and that's something that I would like to, you know, you could get rid of a couple of things with that. | Casey Quincy: know 27 is actually pretty packed. | Casey Quincy: I'm trying to get some of the pallet traffic back into the room that i"
pit speed monitoring forklifts and yard trucks,1,1,LOW,False,False,voxel,pit speed monitoring forklifts and yard trucks,"Alex Carver: So we do things like, is the forklift going too fast? Is the truck outside going too fast?"
protect laser guided vehicles agvs from damage,2,1,LOW,True,False,customer,protect laser guided vehicles agvs from damage | protect laser guided vehicles agvs from forklift interactions,"Unknown: the new laser-guided vehicles that were obviously expensive, but forklift drivers and operators potentially crashing into those or causing havoc with those or risk around those."
reduce shrink by detecting product damage from pit impacts,1,1,LOW,False,False,voxel,reduce shrink by detecting product damage from pit impacts,"Indigo Vaughn: Or they nick like a product, and that can also impact shrink. So that could be something that we can track as well."
build workplace safety culture with ai,1,1,LOW,False,False,voxel,build workplace safety culture with ai,"Riley Winslow: So, you know, last year we did a piece on, you know, building a workplace safety culture through AI."
shrink loss prevention from mishandling impacts,1,1,LOW,False,False,voxel,shrink loss prevention from mishandling impacts,"Indigo Vaughn: That could have been shrink right there. So that product could have fell off and that could have been, you know, a loss for that. | Indigo Vaughn: From a efficiency standpoint, we can help be more efficient, reduce shrink."
retail front of store liability reduction,1,1,LOW,False,False,voxel,retail front of store liability reduction,Gray Ashford: We're exploring front-of-store retail use cases to help with liability issues. | Gray Ashford: Think broadly about what can go wrong in customer areas and the compliance issues that come with it.
getting sites onto the same schedule,1,1,LOW,False,False,voxel,getting sites onto the same schedule,Shawn Abbott: We talked about getting multiple sites onto the same schedule going forward. | Shawn Abbott: We also talked about paperwork that would make things simpler to manage over time. | Shawn Abbott: It would also help to standardize how this is handled across sites so there are fewer surprise
weekly snapshots and data delivery,1,1,LOW,False,False,voxel,weekly snapshots and data delivery,"Kendall Keller: We're updating, you know, in terms of snapshots, like weekly snapshots and in-depth data that you can get delivered right to you."
obstruction and blocked fire exit detection,1,1,LOW,False,False,voxel,obstruction and blocked fire exit detection,"Dakota Kendrick: obstructions, obstruction would be like blocked fire exits, things of that nature, anywhere where there shouldn't be an object"
no stop at intersections end of aisles,1,1,LOW,False,False,voxel,no stop at intersections end of aisles,"Alex Carver: Are they stopping and starting at stop signs, right? | Alex Carver: So you'll see here, this got pulled in for a no-stop at intersection, right? | Alex Carver: Let's say we wanted a no-stop at this door, right?"
voxel assigned actions to drive engagement and accountability,1,1,LOW,False,False,voxel,voxel assigned actions to drive engagement and accountability,"Parker Donovan: I can see something that's low-hanging fruit, and I can assign the action, and I can make you the CC, the contributor. | Parker Donovan: As long as I know, person and shift, I can coordinate with my team to go, just give me one a day, or whatever you give me as a list. | Parker Donov"
use assigned clips and resolutions for coaching to reduce event frequencies,1,1,LOW,False,False,voxel,use assigned clips and resolutions for coaching to reduce event frequencies,"Gray Ashford: But where we see, like, the assigning of clips and resolutions, like, where we see a lot of those actions taking place is – | Gray Ashford: Typically, there's a direct correlation between that and a success metric. | Gray Ashford: We're seeing drop in frequencies, et cetera, because pe"
reduce time spent on manual observations,1,1,LOW,False,False,voxel,reduce time spent on manual observations,"Drew Emery: within 10, 15 seconds of clicking on this, this use case in the platform, you're going to be able to target that area of concern very quickly. I'm going to save you time from, you know, standing out there all day and watching two, three people."
obstructions blocked walking paths and unauthorized parking,1,1,LOW,False,False,voxel,obstructions blocked walking paths and unauthorized parking,"Parker Donovan: we'd want to know if it's a blocked walking path forcing users into the pedestrian lane. | Parker Donovan: do you have pits that park there that cause, you know, pit parked in a dry vial, those type of things? | Parker Donovan: There's an OSA violation right there in the middle of th"
area controls monitoring liquid spills and no pedestrian zones,1,1,LOW,False,False,voxel,area controls monitoring liquid spills and no pedestrian zones,"Hollis Sawyer: area controls, such as liquid spills, such as no pedestrian zones,"
operational productivity and safety program efficiency gains,1,1,LOW,False,False,voxel,operational productivity and safety program efficiency gains,"Riley Winslow: From an operational standpoint, you know, over time we can certainly prove out productivity gains. | Riley Winslow: Generally those are, you know, more related to workers being at work and not actually being out, you know, due to suffering a lost time injury. | Riley Winslow: But also"
simple integration with an existing camera platform and it onboarding,1,1,LOW,False,False,voxel,simple integration with an existing camera platform and it onboarding,"Alex Carver: When we hear that camera platform, we are generally optimistic because it tends to be straightforward for us to integrate with. | Alex Carver: With that camera platform, the local setup is usually pretty simple. | Alex Carver: Within that camera platform, there is a simple configuration"
site report and heatmap analytics to find hotspots by camera time and track outcomes,1,1,LOW,False,False,voxel,site report and heatmap analytics to find hotspots by camera time and track outcomes,"Kendall Keller: So this automatically takes a 30-day view for the previous month. | Kendall Keller: You can see completed actions by type. | Kendall Keller: A 20-25% spike. | Kendall Keller: a lot of the events are happening within the first a few cameras. So Aisle Cluster B, Aisle Cluster C | Kenda"
safe tool use for packaging no tearing tape with teeth,1,1,LOW,False,False,voxel,safe tool use for packaging no tearing tape with teeth,"Parker Donovan: Don't use your teeth to tear the tape. | Parker Donovan: That's how you cut your mouth. | Parker Donovan: But right, guys, that simple communication to say, use your hand wrap tool to cut it off."
heat mapping of safety incidents and violations,1,1,LOW,False,False,voxel,heat mapping of safety incidents and violations,"Indigo Vaughn: So like we talked about heat zones, right? | Indigo Vaughn: We can show where the most injuries are happening, when and where. | Indigo Vaughn: Hey, automated reports are talking about heat mapping."
action management and coaching workflow,1,1,LOW,False,False,voxel,action management and coaching workflow,"Kendall Keller: If you click on Create Action, this opens an entire feedback loop that can be tracked from start to finish. | Kendall Keller: Yep, that does go to email. | Kendall Keller: But specifically here, if you create an action, they'll be listed here under Assigned Actions. | Kendall Keller:"
retail floor hazard detection to reduce liability exposure,2,1,LOW,True,False,voxel,retail floor hazard detection | retail floor hazard detection to reduce liability exposure,"Indigo Vaughn: We point to examples like this and say you probably want to watch this area more closely because it is higher risk. | Indigo Vaughn: They had something on the floor that led to a costly customer incident. | Indigo Vaughn: With our camera, we are going to see those floor hazards and no"
working at heights on trailers flatbed unloading,1,1,LOW,False,False,voxel,working at heights on trailers flatbed unloading,"Parker Donovan: the guy on the trailer bed right there, I mean, it's an easy, you know, we could put working at heights."
platform adoption and usage analytics reporting,1,1,LOW,False,False,voxel,platform adoption and usage analytics reporting,"Gray Ashford: for the month of January, entire month of January, we only had dozens of logins to the platform from the Signal Grid Works side. | Gray Ashford: Like JM didn't log into the platform once in January. | Gray Ashford: those are metrics that we have easy access to that I can provide to you"
safety risk hotspot and time of day analytics,1,1,LOW,False,False,voxel,safety risk hotspot and time of day analytics,"Logan Harlow: It's less about the one-off instance and really more about being able to uncover those systemic patterns of risk. | Logan Harlow: And so once you're into the platform, being able to dig into that, this is the location, the roll-up doors that has the highest area or location of frequenc"
operational analytics monitor open door durations,1,1,LOW,False,False,voxel,operational analytics monitor open door durations,"Hollis Sawyer: and then some operational, open door durations, et cetera."
hot desk booking and seat allocation,1,1,LOW,False,False,voxel,hot desk booking and seat allocation,"Bailey Langley: So we just kind of want to have that as an option as doing a hotel desk for all our new employees that are starting here at the company. | Bailey Langley: Oh, it's that, so yes, we don't have a lot of people coming in and out, but there are days where, you know, it's like, oh, everyb"
suspended loads and dock door safety monitoring,1,1,LOW,False,False,voxel,suspended loads and dock door safety monitoring,"Skyler Whitman: Suspended loads, that's another one, so it could be interesting, like, you know, at your dock doors, when these products are actually getting loaded onto the trucks, that could be another one, you know, to monitor."
hazardous machinery safeguarding detection,1,1,LOW,False,False,voxel,hazardous machinery safeguarding detection,"Indigo Vaughn: does it recognize unsafe behaviors such as running and climbing machineries? | Indigo Vaughn: We are working on an update related to hazardous machinery. | Indigo Vaughn: So people reaching around like safeguards and stuff, that you'll get alerted."
export safety data to external ehs bi systems,2,1,LOW,True,False,mixed,export operational data to external bi ehs systems | export safety data to external ehs bi systems,"Jordan Merritt: Not at this point. | Riley Winslow: It's still very exploratory. | Riley Winslow: The way that we're doing that right now is through CSV pushes of data out to their platforms, and then they are either using an external reporting layer or importing it into some other system."
team engagement leaderboards and gamification,1,1,LOW,False,False,voxel,team engagement leaderboards and gamification,"Keegan York: showing actions completed by site and actions completed by teammate, the leader of that for that timeframe, as well as kind of the legger in that. | Keegan York: a little healthy competition is good, you know, so like seeing that leaderboard concept... it's a great way to leverage kind "
pit pedestrian proximity and forklift fork hazards,1,1,LOW,False,False,voxel,pit pedestrian proximity and forklift fork hazards,"Alex Carver: person to pit, walking over forks while wrapping | Alex Carver: slip trip, | Alex Carver: you see this person walking over the forks right here."
ergonomics monitoring at receiving doors overreaching improper bends load stand use,1,1,LOW,False,False,voxel,ergonomics monitoring at receiving doors overreaching improper bends load stand use,"Quinn Madden: just highlighting that at the Bay 014, the receiving doc, Taylor, you already hit on this, right, where you're getting most of your activity, 70-80% of your ergo risks are in that one area. | Quinn Madden: Then we've got an improper bend in the trailer. | Quinn Madden: Out of 100 video"
data driven hotspot analysis for safety risk,1,1,LOW,False,False,voxel,data driven hotspot analysis for safety risk,"Alex Carver: we take a data-driven approach here first and foremost... how often, when, and where these things are taking place. | Alex Carver: over the last about a month, hundreds of no-stops approaching 50-60% are happening at Dr. 12. | Alex Carver: now we're mapping over the last about a month, "
obstruction detection for federal safety bureau compliance and fines avoidance,1,1,LOW,False,False,voxel,obstruction detection for federal safety bureau compliance and fines avoidance,"Alex Carver: We don't want an emergency exit blocked, and or the fire extinguisher. If Federal Safety Bureau was walking through this facility, that's a fine, right?"
safety trend review and recommendations,1,1,LOW,False,False,voxel,safety trend review and recommendations,"Kendall Keller: So that's when we really get together. Review the trends, understand what opportunities exist at the site, and then make recommendations for changes. | Kendall Keller: I'm going to add you to our sinks that we have on a biweekly cadence."
slip trip fall and fall from height risk at docks trailers,1,1,LOW,False,False,voxel,slip trip fall and fall from height risk at docks trailers,"Quinn Madden: in an issue because we have a four-foot unguarded fall risk. | Quinn Madden: So, again, what do you do when you do have the avalanche, right? First, you have to clear a pathway before you start pulling out more product. | Quinn Madden: now there's a slip, trip, and fall risk because Mo"
operational anomaly detection,1,1,LOW,False,False,voxel,operational anomaly detection,"Riley Winslow: because it's more of an operationally focused use case and something that's less safety focused, we think that we. | Riley Winslow: We can expand this more broadly across sites rather than doing it only in a few places at a time. | Riley Winslow: And that example for them was doing so"
egress and safety equipment obstruction detection,1,1,LOW,False,False,voxel,egress and safety equipment obstruction detection,"Hollis Sawyer: And then area controls, whether that's no pedestrian zones, obstructions of exits and doorways... | Hollis Sawyer: Federal Safety Bureau is not going to let you put a garbage can in front of a fire extinguisher. | Hollis Sawyer: there is a comment over here on the side of walking over"
obstruction blocking pathway detection,1,1,LOW,False,False,voxel,obstruction blocking pathway detection,"Riley Winslow: Some of the longer videos that we see are routinely around obstructions because you not only want to track and identify that something is blocking a pathway, but maybe how long it's been."
no ped zones for hazardous areas e g rollers,1,1,LOW,False,False,voxel,no ped zones for hazardous areas e g rollers,"Alex Carver: We would accomplish that with a no-ped zone. So no-ped zone basically means should someone never be somewhere? | Alex Carver: For this customer, like I said, maybe back of house for you guys out in the yard. But you see here, they didn't want anyone walking on the rollers."
improve data accuracy via precise region configuration,1,1,LOW,False,False,voxel,improve data accuracy via precise region configuration,"Riley Winslow: I think it's also, and I think I mentioned this within Slack, too, because we're going to have deeper camera coverage than we're used to at some of these sites. | Riley Winslow: There's a really awesome opportunity for us to be really specific in how we draw regions just to make sure "
tune no pedestrian zone detection to reduce alert noise,1,1,LOW,False,False,voxel,tune no pedestrian zone detection to reduce alert noise,"Parker Donovan: But if I hit the three dots and then I go to the active regions, I'm specifically looking at no-ped and this is where you're getting dinged is right here when you prep that pallet and when you prep the pallet down here. | Parker Donovan: Would you like to keep it? Or do you want us t"
cross site and shift compliance benchmarking,1,1,LOW,False,False,voxel,cross site and shift compliance benchmarking,"Drew Emery: You're going to be able to see that overarching site view. So when we look at this specific use case across all sites, we can easily pinpoint which site is, you know, the least compliant for the rules we have in place. | Drew Emery: we can see which shift is being the most compliant with"
integration with an external workflow tool via api data export,1,1,LOW,False,False,voxel,integration with an external workflow tool via api data export,"Drew Emery: We're going to be able to push that safety data into an external workflow tool, either by downloading and uploading the data or by using an API to push it directly over."
loto compliance and jam clearing risk monitoring,1,1,LOW,False,False,voxel,loto compliance and jam clearing risk monitoring,"Jules Blaine: climbing underneath machines while they're not locked out, tagged out | Riley Winslow: Yeah, the problem comes in when something jams. | Riley Winslow: Then it's like, do I quick get up there and yank that board out of there? | Riley Winslow: Or do I go through the whole, you know, ene"
access to heatmap exploration tools for power users,1,1,LOW,False,False,voxel,access to heatmap exploration tools for power users,Riley Winslow: We have heard similar requests from people who want a more interactive way to explore these views.
forklift pit and pedestrian safety proximity speeding no stops coaching,1,1,LOW,False,False,voxel,forklift pit and pedestrian safety proximity speeding no stops coaching,"Hollis Sawyer: So whether that is speeding, whether that's a pit-to-pit proximity, pit-to-pedestrian, no pedestrian zones, no stops, ergonomics, there's a plethora of use cases that are available out of the box to the platform. | Hollis Sawyer: So here we've got pit-to-pit proximity that we're captu"
heat maps to identify operational bottlenecks and movement patterns,1,1,LOW,False,False,voxel,heat maps to identify operational bottlenecks and movement patterns,"Shawn Abbott: So what's working, what are sort of the key flow patterns, pain points, choke points, know, certain areas that are leading to potentially more risk than others, really adding that visibility in place to make sure you guys are continuing to operate with the, you know, at scale with sort"
assign and track corrective actions in platform,1,1,LOW,False,False,voxel,assign and track corrective actions in platform,"Hollis Sawyer: Actions is the new capability that not only allows you to comment on something, but you actually create a workflow within the platform on resolving, on communicating, on coaching, on changing, and having it assigned to individuals and others that can observe and putting. | Hollis Sawy"
walking under suspended loads detection,1,1,LOW,False,False,voxel,walking under suspended loads detection,"Alex Carver: one thing that we just released, too, that would be of interest to you guys is walking under suspended load. | Alex Carver: But we just released walking under suspended load, so I'm sure for your beams, right, that are moving, I'm sure it's a rule that they can't walk under those beams "
leading indicator and behavior change tracking,1,1,LOW,False,False,voxel,leading indicator and behavior change tracking,"Riley Winslow: The leading indicators of risk or being able to witness modified behaviors, you know, seeing that workers are now choosing to do something more safely by utilizing tools that are available to them to, you know, reduce risk is really powerful."
ppe and seatbelt compliance monitoring,1,1,LOW,False,False,voxel,ppe and seatbelt compliance monitoring,"Drew Emery: So as we scroll down, we see safety vest compliance. We're down 80-90%. We're doing a great job. | Drew Emery: no seatbelt, and his PPE is sitting on the side of the forklift here."
suspended load overhead crane safety indoor future scope,1,1,LOW,False,True,mixed,suspended load overhead crane safety indoor future scope,"Aubrey Reeves: Do you have the capability, at least, you know, out of the gate to look at, like, proximity to objects, like dyes specifically, when they're in motion, like a dye on a crane? | Hollis Sawyer: overhead and suspended load right now, from a use case standpoint, is outdoor only. It's raw "
pedestrian walkway compliance and no ped no stop zone enforcement,1,1,LOW,False,False,voxel,pedestrian walkway compliance and no ped no stop zone enforcement,"Gray Ashford: just that, that training office, ship deck, ship desk camera, and really tackling the no-ped zones, like the no-stops in those, like those pedestrian walkways."
obstruction detection in exits extinguishers and walkways,1,1,LOW,False,False,voxel,obstruction detection in exits extinguishers and walkways,"Alex Carver: Basically guys, I call it clutter detection, should something never be left somewhere. | Alex Carver: We don't want an emergency exit blocked, and or the fire extinguisher. | Alex Carver: We've used this a lot at Pioneer Market Group, like laser etched pedestrian walkways. We don't want"
supervisor accountability and action tracking in voxel,1,1,LOW,False,False,voxel,supervisor accountability and action tracking in voxel,"Eden Quill: The actions really can help you track from beginning to end what is going on with, you know, those events, as well as it puts those markers automatically within the platform so that you're not having to constantly remind us or telling us what's going on where those markers get put in. We"
vehicle speed monitoring ports,1,1,LOW,False,False,voxel,vehicle speed monitoring ports,"Indigo Vaughn: No speeding, no idling, suspended load when they're moving those, you know, those large boxes."
assign and track corrective actions in platform to remove hazards,1,1,LOW,False,False,voxel,assign and track corrective actions in platform to remove hazards,"Hollis Sawyer: So if I say, hey, I noticed that I've got something that's constantly creating a pinch point with the forklifts, and I want those obstructions moved in the next several hours, and I assign it to an individual, and I can track it, and I can check it off as it's completed, and we can se"
surface secondary hazards e g working at heights without fall protection,1,1,LOW,False,False,voxel,surface secondary hazards e g working at heights without fall protection,Alex Carver: this came into Voxel for an improper bend. But it's probably worth addressing more than the fact that these two thought it was a good idea to send this individual eight feet up in the air with no safety harness.
area controls for no pedestrian zones,1,1,LOW,False,False,voxel,area controls for no pedestrian zones,"Dakota Kendrick: area controls could be like, and you can use this for security. So like no pedestrian zones could be, to your point, also like after hours or when people shouldn't be somewhere from a time perspective, not necessarily a location, but it could also be from a location, people not walk"
heatmaps analytics to prioritize focus,1,1,LOW,False,False,voxel,heatmaps analytics to prioritize focus,"Kendall Keller: Second is our heat mapping tool. | Kendall Keller: Within a camera view, what are the hot spots where this is occurring within? | Kendall Keller: there is an open heat map icon for the last about a month that will appear."
safety actions and insights for incident follow up,1,1,LOW,False,False,voxel,safety actions and insights for incident follow up,"Riley Winslow: we just launched Actions & Insights. | Riley Winslow: self-generated insights around the data to help, you know, to focus teams on what's where the opportunities are, like what's trending positively, what's trending negatively. | Riley Winslow: no longer are we just assigning an incid"
speeding detection across existing cameras at hub east,1,1,LOW,False,False,voxel,speeding detection across existing cameras at hub east,"Shawn Abbott: there is an expansion opportunity here with them, but we're having, they want to add some new use cases around speeding just across their existing cameras. | Shawn Abbott: Really, the only thing that's super top of mind for me is getting speeding enabled. | Shawn Abbott: We need to pic"
timely notifications and corrective action workflows,1,1,LOW,False,False,voxel,timely notifications and corrective action workflows,"Indigo Vaughn: From here, you get notified through the available channels. | Indigo Vaughn: So if I want to sign this to someone, right? ... Like, want this done by today."
intersection stop compliance and pit to pit near miss detection,1,1,LOW,False,False,voxel,intersection stop compliance and pit to pit near miss detection,"Dakota Kendrick: no-stop-at-intersection video. | Dakota Kendrick: So he doesn't stop at the door, which caused him to hit the door. | Dakota Kendrick: And forklift to forklift near-miss."
accelerate incident investigations with timestamps,1,1,LOW,False,False,voxel,accelerate incident investigations with timestamps,"Alex Carver: And that's when you go back to your camera system and spend a couple of hours of your life, maybe more, trying to figure out when the heck that mark got on your door. | Alex Carver: we timestamp everything. | Alex Carver: So, you know exactly where you're going."
pit stop compliance at door intersections,1,1,LOW,False,False,voxel,pit stop compliance at door intersections,"Kendall Keller: It looks like this incident's a no-stop-at-the-door intersection. | Kendall Keller: train slash retrain team on stopping requirements. | Kendall Keller: we're going to capture things like ergonomic risk, pit-related safety, pedestrian prohibited zones to make sure that people are out"
housekeeping product on floor and palletization,1,1,LOW,False,False,voxel,housekeeping product on floor and palletization,"Parker Donovan: I would say Ember Transit Logistics's biggest issue is constant product on the floor. | Parker Donovan: Just make sure products on a pallet. | Parker Donovan: I'm not going to, you know, make sure there's a pallet under the box."
reduce property damage equipment repair costs and product shrink from pit incidents,1,1,LOW,False,False,voxel,reduce property damage equipment repair costs and product shrink from pit incidents,"Alex Carver: I may have property damage. The door might be broken. I may have equipment repair needed on the pit for hitting the door. | Alex Carver: And if those two did hit each other, this product is now shrink on some level, right?"
no pedestrian zones and pit to person proximity,1,1,LOW,False,False,voxel,no pedestrian zones and pit to person proximity,"Dakota Kendrick: No pedestrian zones. That's a little bit trickier, because a lot of it's happening. | Dakota Kendrick: The no-pedestrian zones, the main thing that people were interested in was, like, people not going in the aisles. | Dakota Kendrick: Yeah, sometimes we're flagging people that are "
ppe compliance and laceration prevention,1,1,LOW,False,False,voxel,ppe compliance and laceration prevention,"Alex Carver: You we really focus on three areas, the worker themselves, so ergo and PPE compliance. | Alex Carver: So only things that we can help with, like material handling, like struck by, like lacerations with people not wearing their gloves."
slip trip and fall detection,1,1,LOW,False,False,voxel,slip trip and fall detection,Alex Carver: Slip trips and falls.
use clips for safety coaching and training,1,1,LOW,False,False,voxel,use clips for safety coaching and training,"Alex Carver: whether it's coaching, whether it's, hey, I want to use this in my next training session with the team, right?"
prioritize review by severity to focus on high risk cases,1,1,LOW,False,False,voxel,prioritize review by severity to focus on high risk cases,"Quinn Madden: you'll have the ability to sort by the severity level. | Quinn Madden: you get down to 56 high risk | Charlie Kingsley: this is a high severity incident, right? So filtering by those high severity incidents to get an idea on where can I focus my efforts is a great way to kind of get st"
shift level safety trend analysis,1,1,LOW,False,False,voxel,shift level safety trend analysis,"Shawn Abbott: It's sort of understanding, you know, trends by shifts, understanding sort of what's happening by shift. | Shawn Abbott: no stops are, you know, almost two X's happening as often during shift three."
identify operational improvements and efficiency gains from data,1,1,LOW,False,False,voxel,identify operational improvements and efficiency gains from data,"Quinn Madden: Maybe it leads to an operational improvement, efficiency gains that we can start talking about."
sif cif precursor and serious risk detection,1,1,LOW,False,False,voxel,sif cif precursor and serious risk detection,"Jules Blaine: And within the first about a month of turning our solution on there, we found over, I think it was six CIF-related and like potential injuries that were preventable with the Voxel solution."
protect privacy via body blurring to support wider use,1,1,LOW,False,False,voxel,protect privacy via body blurring to support wider use,Hollis Sawyer: We can even go into body blurring if we want them to anonymize completely so that there's no recognition of individuals.
product damage tracking,1,1,LOW,False,False,voxel,product damage tracking,"Riley Winslow: You know, when it comes to tracking product damage or exploring camera-based monitoring with other customers, one example is detecting when a product is out of spec or left where it should not be for too long."
review dashboard metrics and product enhancements to identify opportunities,1,1,LOW,False,False,voxel,review dashboard metrics and product enhancements to identify opportunities,Kendall Keller: I typically run through dashboard metrics to understand where opportunities lie and make sure you guys are open to hearing about our product enhancements and what you can leverage from that perspective as well. | Eden Quill: Just wanted to briefly walk through some of the metrics.
load securement stop before retrieving fallen items,1,1,LOW,False,False,voxel,load securement stop before retrieving fallen items,"Dakota Kendrick: This was, this smelled off of a moving pit. I think the box just fell off, but the pit was still moving. We usually want the forklift to come to a complete set."
